CASE_ID,ACCIDENT_YEAR,PROC_DATE,JURIS,COLLISION_DATE,COLLISION_TIME,OFFICER_ID,REPORTING_DISTRICT,DAY_OF_WEEK,CHP_SHIFT,POPULATION,CNTY_CITY_LOC,SPECIAL_COND,BEAT_TYPE,CHP_BEAT_TYPE,CITY_DIVISION_LAPD,CHP_BEAT_CLASS,BEAT_NUMBER,PRIMARY_RD,SECONDARY_RD,DISTANCE,DIRECTION,INTERSECTION,WEATHER_1,WEATHER_2,STATE_HWY_IND,CALTRANS_COUNTY,CALTRANS_DISTRICT,STATE_ROUTE,ROUTE_SUFFIX,POSTMILE_PREFIX,POSTMILE,LOCATION_TYPE,RAMP_INTERSECTION,SIDE_OF_HWY,TOW_AWAY,COLLISION_SEVERITY,NUMBER_KILLED,NUMBER_INJURED,PARTY_COUNT,PRIMARY_COLL_FACTOR,PCF_CODE_OF_VIOL,PCF_VIOL_CATEGORY,PCF_VIOLATION,PCF_VIOL_SUBSECTION,HIT_AND_RUN,TYPE_OF_COLLISION,MVIW,PED_ACTION,ROAD_SURFACE,ROAD_COND_1,ROAD_COND_2,LIGHTING,CONTROL_DEVICE,CHP_ROAD_TYPE,PEDESTRIAN_ACCIDENT,BICYCLE_ACCIDENT,MOTORCYCLE_ACCIDENT,TRUCK_ACCIDENT,NOT_PRIVATE_PROPERTY,ALCOHOL_INVOLVED,STWD_VEHTYPE_AT_FAULT,CHP_VEHTYPE_AT_FAULT,COUNT_SEVERE_INJ,COUNT_VISIBLE_INJ,COUNT_COMPLAINT_PAIN,COUNT_PED_KILLED,COUNT_PED_INJURED,COUNT_BICYCLIST_KILLED,COUNT_BICYCLIST_INJURED,COUNT_MC_KILLED,COUNT_MC_INJURED,PRIMARY_RAMP,SECONDARY_RAMP,LATITUDE,LONGITUDE,COUNTY,CITY,POINT_X,POINT_Y
5506831,2012,6/29/2013,1942,2/8/2012,800,33048,668,3,5,7,1942,0,0,0,F,0,6TL7,WESTERN AV,SUNSET BL,0,,Y,A,-,N,,,,,,,,,,N,4,0,1,2,A,-,10,21950,A,F,G,B,B,A,H,-,A,A,0,Y,,,,Y,,-,99,0,0,1,0,1,0,0,0,0,- ,- ,,,LOS ANGELES,LOS ANGELES,-118.3092623,34.09808488
5506847,2012,6/29/2013,1942,2/4/2012,135,37575,643,6,5,7,1942,0,0,0,F,0,6T7,LA BREA AV,HAWTHORN AV,0,,Y,A,-,N,,,,,,,,,,N,3,0,1,2,A,-,10,21950,A,F,G,B,B,A,H,-,C,A,0,Y,,,,Y,Y,-,99,0,1,0,0,1,0,0,0,0,- ,- ,,,LOS ANGELES,LOS ANGELES,-118.3448422,34.10031493
5507191,2012,6/29/2013,1942,1/26/2012,1740,38609,635,4,5,7,1942,0,0,0,,0,6X44W7,CAHUENGA BL,HOLLYWOOD FWY,3,N,N,A,-,N,,,,,,,,,,N,4,0,1,2,A,-,10,21950,A,N,G,B,B,A,H,-,C,A,0,Y,,,,Y,,A,1,0,0,1,0,1,0,0,0,0,- ,- ,,,LOS ANGELES,LOS ANGELES,-118.3308638,34.10810297
5507591,2012,6/21/2013,1900,1/31/2012,720,451343,2318,2,5,5,1919,0,0,0,,0,230M3,NORWALK BL,166TH ST,14,S,N,A,-,N,,,,,,,,,,N,3,0,1,2,A,-,10,21950,A,N,G,B,B,A,H,-,A,A,0,Y,,,,Y,,D,22,0,1,0,0,1,0,0,0,0,- ,- ,,,LOS ANGELES,CERRITOS,-118.0727219,33.88035646
5508185,2012,7/16/2013,1942,2/14/2012,1420,37613,749,2,5,7,1942,0,0,0,G,0,8TL28,CRENSHAW BL,OLYMPIC BL,12,S,N,A,-,N,,,,,,,,,,N,4,0,1,2,A,-,3,22350,,N,E,I,F,A,H,-,A,A,0,Y,,,Y,Y,,G,26,0,0,1,0,1,0,0,0,0,- ,- ,,,LOS ANGELES,LOS ANGELES,-118.3229999,34.05462541
5508598,2012,9/19/2013,9565,2/1/2012,1800,19530,,3,2,9,1900,0,3,5,,2,4,INGLEWOOD AV,104TH ST,476,S,N,A,-,N,,,,,,,,,,N,3,0,1,2,A,-,11,21954,A,N,G,B,D,A,H,-,C,A,0,Y,,,,Y,,N,60,0,1,0,0,1,0,0,0,0,- ,- ,33.94078,-118.36137,LOS ANGELES,UNINCORPORATED,-118.3613522,33.94049928
5508713,2012,6/29/2013,9565,2/1/2012,1820,19696,,3,2,9,1900,0,3,5,,2,2,108TH ST,VERNON AV,300,W,N,A,-,N,,,,,,,,,,N,4,0,1,3,A,-,8,22107,,N,B,C,E,A,H,-,C,D,0,Y,,,,Y,,A,1,0,0,1,0,1,0,0,0,0,- ,- ,33.93822,-118.29331,LOS ANGELES,UNINCORPORATED,-118.292702,33.938172
5509707,2012,6/29/2013,1900,2/2/2012,2132,101944,453,4,5,6,1949,0,0,0,,0,45T1P,ROSECRANS AV,CROSSDALE AV,8,W,N,B,-,N,,,,,,,,,,N,2,0,1,2,A,-,11,21954,A,F,G,B,B,A,H,-,C,D,0,Y,,,,Y,,D,22,1,0,0,0,1,0,0,0,0,- ,- ,,,LOS ANGELES,NORWALK,-118.097464,33.902169
5510088,2012,6/15/2013,1900,1/4/2012,1524,508807,1349,3,5,3,1903,0,0,0,,0,134T4,PIONEER BL,186TH ST,0,,Y,A,-,N,,,,,,,,,,N,3,0,1,2,A,-,10,21950,A,N,G,B,B,A,H,-,A,A,0,Y,,,,Y,,A,,0,1,0,0,1,0,0,0,0,- ,- ,,,LOS ANGELES,ARTESIA,-118.0822621,33.86284494
5510112,2012,6/15/2013,1900,1/17/2012,1500,494468,1336,2,5,5,1908,0,0,0,,0,133T1P,ARTESIA BL,WOODRUFF AV,6,W,N,A,-,N,,,,,,,,,,N,4,0,1,2,A,-,11,21950,B,N,G,B,B,A,H,-,A,A,0,Y,,,,Y,,N,60,0,0,1,0,1,0,0,0,0,- ,- ,,,LOS ANGELES,BELLFLOWER,-118.1172918,33.87295321
5510156,2012,6/15/2013,1900,1/24/2012,1517,494468,1335,2,5,5,1908,0,0,0,,0,133T1P,ROSE ST,LAKEWOOD BL,1209,E,N,A,-,N,,,,,,,,,,N,3,0,1,2,A,-,11,21954,A,N,G,B,D,A,H,-,A,D,0,Y,,,,Y,,N,60,0,1,0,0,1,0,0,0,0,- ,- ,,,LOS ANGELES,BELLFLOWER,-118.1386979,33.86962289
5510176,2012,7/26/2013,1907,1/3/2012,1415,190,21,2,5,4,1907,0,0,0,,0,21D,ATLANTIC AV,BELL PL,120,N,N,A,-,N,,,,,,,,,,Y,4,0,1,4,A,-,8,22107,,N,C,C,-,A,H,-,A,D,0,Y,,,,Y,,-,- ,0,0,1,0,1,0,0,0,0,- ,- ,,,LOS ANGELES,BELL,-118.187444,33.97556147
5510187,2012,6/22/2013,1900,1/3/2012,2014,508807,1348,2,5,3,1903,0,0,0,,0,134T4,PIONEER BL,168TH ST,60,N,N,A,-,N,,,,,,,,,,N,3,0,1,2,A,-,11,21954,A,N,D,B,D,A,H,-,C,D,0,Y,,,,Y,,N,,0,1,0,0,1,0,0,0,0,- ,- ,,,LOS ANGELES,ARTESIA,-118.0823318,33.87820917
5510207,2012,6/22/2013,1900,1/11/2012,830,487838,1351,3,5,3,1927,0,0,0,,0,135T1D,NORWALK BL,221ST ST,75,S,N,B,-,N,,,,,,,,,,Y,4,0,1,2,A,-,8,22107,,N,A,I,E,A,H,-,A,A,0,Y,,,,Y,,A,8,0,0,1,0,1,0,0,0,0,- ,- ,,,LOS ANGELES,HAWAIIAN GARDENS,-118.0719968,33.82746924
5510211,2012,6/22/2013,1900,1/12/2012,1900,517860,1352,4,5,3,1927,0,0,0,,0,135T1,CARSON ST,JUAN AV,0,,Y,A,-,N,,,,,,,,,,N,3,0,1,2,A,-,10,21950,A,N,D,B,B,A,H,-,C,A,0,Y,,,,Y,,A,,0,1,0,0,1,0,0,0,0,- ,- ,,,LOS ANGELES,HAWAIIAN GARDENS,-118.0756222,33.83152495
5510215,2012,6/22/2013,1900,1/13/2012,1530,517860,1352,5,5,3,1927,0,0,0,,0,135T1,ELAINE AV,214TH ST,10,S,N,A,-,N,,,,,,,,,,N,4,0,1,2,A,-,10,21950,A,N,D,B,B,A,H,-,A,D,0,Y,,,,Y,,A,,0,0,1,0,1,0,0,0,0,- ,- ,,,LOS ANGELES,HAWAIIAN GARDENS,-118.0765404,33.83507746
5510294,2012,6/22/2013,1975,1/25/2012,720,290645,1419,3,5,6,1975,0,0,0,,0,141T3,VALLEY BLVD,FAIRWAY DR,21,E,N,A,-,N,,,,,,,,,,N,3,0,1,2,A,-,11,21954,A,N,G,B,D,A,H,-,A,A,0,Y,,,,Y,,N,60,0,1,0,0,1,0,0,0,0,- ,- ,,,LOS ANGELES,WEST COVINA,-117.8716141,34.00302467
5510607,2012,7/11/2013,9565,2/15/2012,2100,19357,,3,2,9,1900,0,2,4,,2,22,NORMANDIE AV,96TH ST,125,S,N,A,-,N,,,,,,,,,,N,2,0,1,2,A,-,11,21954,A,F,G,B,C,A,H,-,C,D,0,Y,,,,Y,,N,60,1,0,0,0,1,0,0,0,0,- ,- ,33.94836,-118.30033,LOS ANGELES,UNINCORPORATED,-118.3002459,33.94832203
5510631,2012,7/12/2013,9565,2/11/2012,1930,20301,,6,2,9,1900,0,2,4,,2,21,VERMONT AV,119TH ST,0,,Y,A,-,N,,,,,,,,,,N,3,0,1,2,A,-,10,21950,A,N,G,B,B,A,H,-,C,A,0,Y,,,,Y,,A,1,0,1,0,0,1,0,0,0,0,- ,- ,33.92424,-118.29176,LOS ANGELES,UNINCORPORATED,-118.2918423,33.92509491
5510970,2012,6/22/2013,1942,1/26/2012,1105,40099,195,4,5,7,1942,0,0,0,A,0,1T11,14TH ST,MAPLE AV,17,N,N,A,-,N,,,,,,,,,,N,4,0,1,2,A,-,9,21802,A,N,G,B,B,A,H,-,A,A,0,Y,,,,Y,,-,- ,0,0,1,0,1,0,0,0,0,- ,- ,,,LOS ANGELES,LOS ANGELES,-118.2580991,34.03357029
5510985,2012,6/22/2013,1942,1/27/2012,730,38383,1361,5,5,7,1942,0,0,0,M,0,2TL15,BROADWAY,49TH ST,5,N,N,A,-,N,,,,,,,,,,Y,4,0,2,3,A,-,8,22102,,N,G,B,C,A,H,-,A,A,0,Y,,,,Y,,A,1,0,0,2,0,2,0,0,0,0,- ,- ,,,LOS ANGELES,LOS ANGELES,-118.2783423,33.99831856
5510993,2012,6/22/2013,1942,1/28/2012,840,40008,1363,6,5,7,1942,0,0,0,M,0,1TL11,47TH ST,AVALON,9,E,N,A,-,N,,,,,,,,,,N,4,0,1,2,A,-,10,21950,A,N,D,B,B,A,H,-,A,D,0,Y,,,,Y,,A,1,0,0,1,0,1,0,0,0,0,- ,- ,,,LOS ANGELES,LOS ANGELES,-118.2652126,34.00068512
5511037,2012,6/22/2013,1942,1/25/2012,1320,39349,139,3,5,7,1942,0,0,0,A,0,13TL53,EAST 3RD ST,S ALAMEDA ST,8,W,N,A,-,N,,,,,,,,,,N,3,0,1,2,A,-,10,21950,A,N,G,B,B,A,H,-,A,A,0,Y,,,,Y,,A,7,0,1,0,0,1,0,0,0,0,- ,- ,,,LOS ANGELES,LOS ANGELES,-118.2381458,34.04554458
5512851,2012,6/21/2013,1942,1/26/2012,1800,36336,2156,4,5,7,1942,0,0,0,,0,17T14,VICTORY BL,OWENSMOUTH AV,9,E,N,A,-,N,,,,,,,,,,N,4,0,1,2,A,-,10,21950,A,N,G,B,B,A,H,-,C,A,0,Y,,,,Y,,A,7,0,0,1,0,1,0,0,0,0,- ,- ,,,LOS ANGELES,LOS ANGELES,-118.6015432,34.1877499
5512865,2012,6/21/2013,1942,1/23/2012,1630,31807,2133,1,5,7,1942,0,0,0,,0,17T14,FALLBROOK AV,SATICOY ST,9,S,N,B,-,N,,,,,,,,,,N,3,0,1,2,A,-,10,21950,A,N,G,B,B,A,H,-,A,A,0,Y,,,,Y,,A,7,0,1,0,0,1,0,0,0,0,- ,- ,,,LOS ANGELES,LOS ANGELES,-118.6234623,34.20823016
5513386,2012,7/8/2013,1942,2/20/2012,935,40008,437,1,5,7,1942,0,0,0,,0,11TL21,MULTNOMAH ST,WILSON WY,12,W,N,A,-,N,,,,,,,,,,N,3,0,1,3,A,-,10,21950,A,N,G,-,B,A,H,-,A,A,0,Y,,,,Y,,A,1,0,1,0,0,1,0,0,0,0,- ,- ,,,LOS ANGELES,LOS ANGELES,-118.1862738,34.0707451
5513388,2012,7/6/2013,1920,2/16/2012,1149,10705,,4,5,6,1920,0,0,0,,0,5,FLORENCE,PARAMOUNT BL,330,E,N,A,-,N,,,,,,,,,,N,3,0,1,2,A,-,11,21954,A,N,G,B,D,A,H,-,A,D,0,Y,,,,Y,,N,,0,1,0,0,1,0,0,0,0,- ,- ,,,LOS ANGELES,DOWNEY,-118.1291598,33.95304366
5513414,2012,7/8/2013,1942,2/14/2012,725,31324,466,2,5,7,1942,0,0,0,,0,4TL43,MATHEWS ST,CESAR CHAVEZ AV,0,,Y,A,-,N,,,,,,,,,,N,3,0,2,3,A,-,11,21456,B,N,G,B,B,A,H,-,A,A,0,Y,,,,Y,,N,60,0,2,0,0,2,0,0,0,0,- ,- ,,,LOS ANGELES,LOS ANGELES,-118.20655,34.04626
5513429,2012,7/8/2013,1942,2/1/2012,750,40042,453,3,5,7,1942,0,0,0,,0,2TL25,PENNSYLVANIA AV,BAILEY ST,0,,Y,A,-,N,,,,,,,,,,N,3,0,1,2,A,-,10,21950,A,F,G,B,B,A,H,-,A,D,0,Y,,,,Y,,-,99,0,1,0,0,1,0,0,0,0,- ,- ,,,LOS ANGELES,LOS ANGELES,-118.2181022,34.04799494
5513435,2012,7/6/2013,1965,2/21/2012,1450,3764,03A1,2,5,5,1965,0,0,0,,0,A003,4TH CT,COLORADO AV,11,N,N,B,-,N,,,,,,,,,,N,4,0,1,2,A,-,21,22106,,N,H,B,F,A,H,-,A,D,0,Y,,,,Y,,A,1,0,0,1,0,1,0,0,0,0,- ,- ,,,LOS ANGELES,SANTA MONICA,-118.4920674,34.0137565
5513465,2012,7/6/2013,1941,2/19/2012,2253,10156,,7,5,7,1941,0,0,0,,0,,7TH ST,ORANGE AV,0,,N,A,-,N,,,,,,,,,,N,2,0,1,2,A,-,9,21453,B,M,A,B,B,A,H,-,C,A,0,Y,,,,Y,,-,- ,1,0,0,0,1,0,0,0,0,- ,- ,,,LOS ANGELES,LONG BEACH,-118.1763722,33.77529486
5513489,2012,7/6/2013,1941,2/23/2012,1558,6219,901,4,5,7,1941,0,0,0,,0,,CERRITOS,EAST 11TH ST,0,,Y,A,-,N,,,,,,,,,,Y,4,0,1,2,A,-,8,22107,,N,G,B,B,A,H,-,A,D,0,Y,,,,Y,,-,- ,0,0,1,0,1,0,0,0,0,- ,- ,,,LOS ANGELES,LONG BEACH,-118.1775323,33.7807749
5513509,2012,7/6/2013,1941,2/24/2012,1903,6059,,5,5,7,1941,0,0,0,,0,,VIA WANDA,VIA CARMELITOS,42,E,N,A,-,N,,,,,,,,,,N,4,0,1,2,A,-,3,22350,,N,G,B,F,A,H,-,C,D,0,Y,,,,Y,,-,- ,0,0,1,0,1,0,0,0,0,- ,- ,,,LOS ANGELES,LONG BEACH,-118.1794142,33.84996936
5513570,2012,7/12/2013,1942,2/9/2012,635,31816,216,4,5,7,1942,0,0,0,,0,4TL43,KENT ST,ALVARADO ST,0,,Y,A,-,N,,,,,,,,,,Y,3,0,2,3,A,-,9,21453,B,N,A,C,E,A,H,-,A,A,0,Y,,,,Y,,A,8,0,1,1,0,1,0,0,0,0,- ,- ,,,LOS ANGELES,LOS ANGELES,-118.2654122,34.07443495
5513762,2012,6/21/2013,1942,1/19/2012,1710,37672,281,4,5,7,1942,0,0,0,B,0,2A52,ALVARADO ST,12TH ST,150,S,N,A,-,N,,,,,,,,,,N,4,0,1,2,A,-,17,21712,B,N,G,B,E,A,H,-,A,D,0,Y,,,,Y,,A,1,0,0,1,0,1,0,0,0,0,- ,- ,,,LOS ANGELES,LOS ANGELES,-118.2819635,34.04841133
5513786,2012,6/21/2013,1942,1/28/2012,2140,37934,256,6,5,7,1942,0,0,0,B,0,2A45,7TH ST,UNION AV,0,,Y,A,-,N,,,,,,,,,,N,3,0,1,2,A,-,11,21456,B,N,A,B,B,A,H,-,C,A,0,Y,,,,Y,,-,- ,0,1,0,0,1,0,0,0,0,- ,- ,,,LOS ANGELES,LOS ANGELES,-118.2711722,34.05387492
5513813,2012,6/21/2013,1942,1/13/2012,1600,38470,248,5,5,7,1942,0,0,0,B,0,DESK,COLUMBIA,6TH ST,0,,N,A,-,N,,,,,,,,,,N,3,0,1,2,A,-,5,21650,,N,A,G,F,A,H,-,A,D,0,Y,Y,,,Y,,L,4,0,1,0,0,1,0,0,0,0,- ,- ,,,LOS ANGELES,LOS ANGELES,-118.2663122,34.05580489
5513834,2012,6/22/2013,1942,1/24/2012,2000,36698,182,2,5,7,1942,0,0,0,A,0,11T21,LA LIVE WY,PICO BL,25,S,N,A,-,N,,,,,,,,,,N,3,0,1,2,A,-,11,21954,A,N,G,B,D,A,H,-,C,A,0,Y,,,,Y,Y,N,60,0,1,0,0,1,0,0,0,0,- ,- ,,,LOS ANGELES,LOS ANGELES,-118.271832,34.042212
5513867,2012,7/12/2013,1942,2/2/2012,1925,36284,1148,4,5,7,1942,0,0,0,K,0,11A37,FIGUEROA ST,ECHO ST,20,N,N,A,-,N,,,,,,,,,,N,4,0,1,2,A,-,11,21954,A,N,G,B,D,A,H,-,C,D,0,Y,,,,Y,,-,- ,0,0,1,0,1,0,0,0,0,- ,- ,,,LOS ANGELES,LOS ANGELES,-118.2028804,34.10310929
5513871,2012,7/12/2013,1942,2/9/2012,2015,38233,,4,5,7,1942,0,0,0,,0,,YORK BL,AVENUE 63,0,,Y,A,-,N,,,,,,,,,,N,3,0,1,2,A,-,10,21950,A,N,G,B,B,A,H,-,C,A,0,Y,,,,Y,Y,A,1,0,1,0,0,1,0,0,0,0,- ,- ,,,LOS ANGELES,LOS ANGELES,-118.1826322,34.11483496
5513875,2012,7/12/2013,1942,2/8/2012,1830,33977,1124,3,5,7,1942,0,0,0,K,0,4TL4,ROSWELL ST,SAN FERNANDO RD,155,N,N,A,-,N,,,,,,,,,,N,3,0,1,2,A,-,11,21954,A,N,G,B,E,A,H,-,C,D,0,Y,,,,Y,,N,60,0,1,0,0,1,0,0,0,0,- ,- ,,,LOS ANGELES,LOS ANGELES,-118.2446906,34.1143876
5513887,2012,10/2/2013,1942,2/13/2012,1620,40325,1134,1,5,7,1942,0,0,0,K,0,13T22,SAN FERNANDO BL,DELAY DR,170,N,N,A,-,Y,LA,7,2,-,-,15.937,R,4,E,N,3,0,1,2,A,-,10,21950,A,N,G,B,B,A,H,-,A,A,0,Y,,,,Y,,A,1,0,1,0,0,1,0,0,0,0,- ,- ,,,LOS ANGELES,LOS ANGELES,-118.2461621,34.1119049
5513906,2012,6/29/2013,1942,2/9/2012,1800,37611,1333,4,5,7,1942,0,0,0,M,0,2TL14,SAN PEDRO ST,27TH ST,51,S,N,A,-,N,,,,,,,,,,N,3,0,1,2,A,-,11,21955,,N,G,B,D,A,H,-,C,D,0,Y,,,,Y,,N,60,0,1,0,0,1,0,0,0,0,- ,SO,,,LOS ANGELES,LOS ANGELES,-118.2620079,34.02050998
5513944,2012,6/29/2013,1942,2/5/2012,2240,32973,279,7,5,7,1942,0,0,0,B,0,13TL22,OLYMPIC BL,UNION AV,0,,Y,A,-,N,,,,,,,,,,N,3,0,1,2,A,-,10,21950,A,N,G,B,B,A,H,-,C,A,0,Y,,,,Y,,-,- ,0,1,0,0,1,0,0,0,0,- ,- ,,,LOS ANGELES,LOS ANGELES,-118.2741923,34.04917487
5513948,2012,7/9/2013,1942,2/11/2012,2300,40063,1309,6,5,7,1942,0,0,0,M,0,4T43,ALAMEDA ST,14TH ST,68,N,N,A,-,N,,,,,,,,,,Y,2,0,1,2,A,-,11,21954,A,N,G,B,D,A,H,-,C,D,0,Y,,,,Y,,N,60,1,0,0,0,1,0,0,0,0,- ,- ,,,LOS ANGELES,LOS ANGELES,-118.2392022,34.02567099
5513952,2012,6/29/2013,1942,2/20/2012,1555,33452,1333,1,5,7,1942,0,0,0,M,0,1TL24,MAPLE ST,30TH ST,12,S,N,A,-,N,,,,,,,,,,Y,4,0,1,2,A,-,10,21950,C,F,G,B,B,A,H,-,A,A,0,Y,,,,Y,,A,1,0,0,1,0,1,0,0,0,0,- ,- ,,,LOS ANGELES,LOS ANGELES,-118.267452,34.02028636
5513960,2012,9/3/2013,1942,2/2/2012,1855,38204,299,4,5,7,1942,0,0,0,B,0,2T15,UNION AV,PICO BL,114,S,N,A,-,N,,,,,,,,,,N,3,0,1,2,A,-,10,21950,C,F,G,B,E,A,H,-,D,A,0,Y,,,,Y,,-,99,0,1,0,0,1,0,0,0,0,- ,- ,,,LOS ANGELES,LOS ANGELES,-118.2770822,34.04433711
5513983,2012,6/29/2013,1900,2/13/2012,2500,527065,1192,1,5,6,1992,0,0,0,,0,112T2,AVENUE K,30TH ST WEST,6,E,N,A,-,N,,,,,,,,,,N,4,0,1,2,A,-,10,21950,A,M,G,B,B,A,H,-,A,A,0,Y,,,,Y,,A,1,0,0,1,0,1,0,0,0,0,- ,- ,,,LOS ANGELES,LANCASTER,-118.1836023,34.67491493
5514169,2012,7/6/2013,1965,2/22/2012,1721,3056,3A1,3,5,5,1965,0,0,0,,0,3,OCEAN AV,COLORADO AV,0,,Y,A,-,N,,,,,,,,,,Y,3,0,1,2,A,-,11,21456,B,N,G,B,B,A,H,-,B,A,0,Y,,,,Y,,N,60,0,1,0,0,1,0,0,0,0,- ,- ,,,LOS ANGELES,SANTA MONICA,-118.4949123,34.01139488
5514321,2012,6/25/2013,1942,1/19/2012,710,39600,2139,4,5,7,1942,0,0,0,,0,19TL73,VALERIO ST,CORBIN AV,0,,Y,A,-,N,,,,,,,,,,N,4,0,1,2,A,-,10,21950,A,N,A,B,B,A,H,-,A,A,0,Y,,,,Y,,A,1,0,0,1,0,1,0,0,0,0,- ,- ,,,LOS ANGELES,LOS ANGELES,-118.5622823,34.20476494
5514362,2012,6/18/2013,1942,1/20/2012,1930,39258,2157,5,5,7,1942,0,0,0,,0,17TL12,MASON AV,VANOWEN ST,0,,Y,A,-,N,,,,,,,,,,N,4,0,1,2,A,-,10,21950,A,N,G,B,B,A,H,-,C,A,0,Y,,,,Y,,A,7,0,0,1,0,1,0,0,0,0,- ,- ,,,LOS ANGELES,LOS ANGELES,-118.5797424,34.1937849
5514370,2012,6/18/2013,1942,1/5/2012,1430,38014,1967,4,5,7,1942,0,0,0,,0,35M33,WOODMAN AV,N OSBORNE ST,36,N,N,A,-,N,,,,,,,,,,N,4,0,1,2,A,-,11,21954,A,N,G,B,D,A,H,-,A,A,0,Y,,,,Y,,N,60,0,0,1,0,1,0,0,0,0,- ,- ,,,LOS ANGELES,LOS ANGELES,-118.4387243,34.2330091
5514371,2012,6/18/2013,1942,1/9/2012,1250,38033,1944,1,5,7,1942,0,0,0,,0,19TL72,LAUREL CANYON BL,FOX ST,8,S,N,A,-,N,,,,,,,,,,N,3,0,1,2,A,-,10,21950,A,N,G,B,B,A,H,-,A,A,0,Y,,,,Y,,A,1,0,1,0,0,1,0,0,0,0,- ,- ,,,LOS ANGELES,LOS ANGELES,-118.445885,34.27172827
5514552,2012,6/29/2013,1942,1/22/2012,1345,39479,2136,7,5,7,1942,0,0,0,,0,21TL66,ALABAMA AV,SHERMAN WAY,200,N,N,A,-,N,,,,,,,,,,N,4,0,1,2,A,-,21,22106,,N,G,B,E,A,H,-,A,D,0,Y,,,,Y,,A,7,0,0,1,0,1,0,0,0,0,- ,- ,,,LOS ANGELES,LOS ANGELES,-118.5990496,34.20158351
5514553,2012,6/29/2013,1942,1/18/2012,1550,39479,2173,3,5,7,1942,0,0,0,,0,21TL66,FALLBROOK AV,LEONORA DR,0,,Y,A,-,N,,,,,,,,,,N,4,0,1,2,A,-,10,21950,A,N,A,B,B,A,H,-,A,A,0,Y,,,,Y,,A,1,0,0,1,0,1,0,0,0,0,- ,- ,,,LOS ANGELES,LOS ANGELES,-118.6233323,34.16708493
5514662,2012,6/25/2013,1942,1/12/2012,1715,39970,354,4,5,7,1942,0,0,0,C,0,12T73,9TH AV,EXPOSITION BL,118,N,N,A,-,N,,,,,,,,,,N,4,0,1,2,A,-,21,22106,,N,G,B,F,A,H,-,C,D,0,Y,,,,Y,Y,A,8,0,0,1,0,1,0,0,0,0,- ,- ,,,LOS ANGELES,LOS ANGELES,-118.3271805,34.02137848
5514681,2012,6/24/2013,1900,1/30/2012,1357,475111,2607,1,5,6,1950,0,0,0,,0,204T1,ROCKIE LANE,LISBON CT,0,,Y,B,-,N,,,,,,,,,,N,3,0,1,2,A,-,11,21954,A,N,G,B,D,A,H,-,A,D,0,Y,,,,Y,,N,60,0,1,0,0,1,0,0,0,0,- ,- ,,,LOS ANGELES,PALMDALE,-118.0206422,34.56981504
5514709,2012,6/24/2013,1955,1/26/2012,745,40233,23,4,5,6,1955,0,0,0,,0,2,LA VERNE AVE,TOWNE AVE,0,,Y,A,-,N,,,,,,,,,,N,4,0,1,2,A,-,10,21950,A,N,G,B,B,A,H,-,A,A,0,Y,,,,Y,,A,1,0,0,1,0,1,0,0,0,0,- ,- ,,,LOS ANGELES,POMONA,-117.7406922,34.08032493
5514838,2012,7/16/2013,1965,2/9/2012,1609,3610,9A1,4,5,5,1965,0,0,0,,0,7,OCEAN PARK BL,29TH ST,0,,Y,A,-,N,,,,,,,,,,N,3,0,1,2,A,-,10,21950,A,N,G,B,B,A,H,-,A,D,0,Y,,,,Y,,A,1,0,1,0,0,1,0,0,0,0,- ,- ,,,LOS ANGELES,SANTA MONICA,-118.4549423,34.01945486
5514846,2012,7/12/2013,1965,2/9/2012,1815,3765,06B2,4,5,5,1965,0,0,0,,0,6,CLOVERFIELD BL,BROADWAY AV,0,,Y,A,-,N,,,,,,,,,,N,3,0,1,2,A,-,10,21950,A,N,G,B,B,A,H,-,C,A,0,Y,,,,Y,,A,1,0,1,0,0,1,0,0,0,0,- ,- ,,,LOS ANGELES,SANTA MONICA,-118.4754123,34.02980489
5515210,2012,7/20/2013,1942,2/14/2012,820,38996,1047,2,5,7,1942,0,0,0,J,0,15TL47,BURBANK BL,BALBOA BL,754,W,N,A,-,N,,,,,,,,,,N,3,0,1,2,A,-,5,21651,A,F,B,B,E,A,H,-,A,D,0,Y,,,,Y,,-,99,0,1,0,0,1,0,0,0,0,- ,- ,,,LOS ANGELES,LOS ANGELES,-118.5036003,34.17223486
5515246,2012,7/20/2013,1942,2/3/2012,955,35481,1049,5,5,7,1942,0,0,0,J,0,16TL25,BALBOA BL,VICTORY BL,2000,S,N,A,-,N,,,,,,,,,,N,3,0,1,2,D,-,0,,,N,G,B,F,A,H,-,A,D,0,Y,,,,Y,,-,- ,0,1,0,0,1,0,0,0,0,- ,- ,,,LOS ANGELES,LOS ANGELES,-118.5011811,34.18112055
5515273,2012,7/20/2013,1942,2/13/2012,810,34634,1065,1,5,7,1942,0,0,0,J,0,21TL63,KILLION ST,NEWCASTLE AV,430,W,N,B,-,N,,,,,,,,,,N,3,0,1,2,A,-,11,21950,B,F,B,B,E,A,H,-,A,D,0,Y,,,,Y,,N,60,0,1,0,0,1,0,0,0,0,- ,- ,,,LOS ANGELES,LOS ANGELES,-118.5257912,34.17083593
5515304,2012,7/13/2013,1948,2/24/2012,724,434,1948,5,5,5,1948,0,0,0,,0,4,MARKLAND AVENUE,POTRERO GRANDE DR,0,N,N,A,-,N,,,,,,,,,,N,4,0,1,2,A,-,10,21950,A,N,G,B,B,A,H,-,A,A,0,Y,,,,Y,,-,- ,0,0,1,0,1,0,0,0,0,- ,- ,,,LOS ANGELES,MONTEREY PARK,-118.1180622,34.03498487