CASE_ID,ACCIDENT_YEAR,PROC_DATE,JURIS,COLLISION_DATE,COLLISION_TIME,OFFICER_ID,REPORTING_DISTRICT,DAY_OF_WEEK,CHP_SHIFT,POPULATION,CNTY_CITY_LOC,SPECIAL_COND,BEAT_TYPE,CHP_BEAT_TYPE,CITY_DIVISION_LAPD,CHP_BEAT_CLASS,BEAT_NUMBER,PRIMARY_RD,SECONDARY_RD,DISTANCE,DIRECTION,INTERSECTION,WEATHER_1,WEATHER_2,STATE_HWY_IND,CALTRANS_COUNTY,CALTRANS_DISTRICT,STATE_ROUTE,ROUTE_SUFFIX,POSTMILE_PREFIX,POSTMILE,LOCATION_TYPE,RAMP_INTERSECTION,SIDE_OF_HWY,TOW_AWAY,COLLISION_SEVERITY,NUMBER_KILLED,NUMBER_INJURED,PARTY_COUNT,PRIMARY_COLL_FACTOR,PCF_CODE_OF_VIOL,PCF_VIOL_CATEGORY,PCF_VIOLATION,PCF_VIOL_SUBSECTION,HIT_AND_RUN,TYPE_OF_COLLISION,MVIW,PED_ACTION,ROAD_SURFACE,ROAD_COND_1,ROAD_COND_2,LIGHTING,CONTROL_DEVICE,CHP_ROAD_TYPE,PEDESTRIAN_ACCIDENT,BICYCLE_ACCIDENT,MOTORCYCLE_ACCIDENT,TRUCK_ACCIDENT,NOT_PRIVATE_PROPERTY,ALCOHOL_INVOLVED,STWD_VEHTYPE_AT_FAULT,CHP_VEHTYPE_AT_FAULT,COUNT_SEVERE_INJ,COUNT_VISIBLE_INJ,COUNT_COMPLAINT_PAIN,COUNT_PED_KILLED,COUNT_PED_INJURED,COUNT_BICYCLIST_KILLED,COUNT_BICYCLIST_INJURED,COUNT_MC_KILLED,COUNT_MC_INJURED,PRIMARY_RAMP,SECONDARY_RAMP,LATITUDE,LONGITUDE,COUNTY,CITY,POINT_X,POINT_Y
5515503,2012,7/20/2013,9525,2/15/2012,1140,18385,,3,1,9,1900,0,3,5,,2,3,AZUSA AV,GEMINI ST,10,S,N,C,-,N,,,,,,,,,,Y,4,0,2,3,A,-,11,21950,B,M,C,C,B,B,H,-,A,A,0,Y,,,,Y,,N,60,0,0,2,0,0,0,0,0,0,- ,- ,34.01849,-117.91998,LOS ANGELES,UNINCORPORATED,-117.9202127,34.0185989
5515582,2012,7/10/2013,1900,2/28/2012,1950,510573,2811,2,5,5,1915,0,0,0,,0,283T3,ROSECRANS AV,PARMELEE AV,0,,Y,A,-,N,,,,,,,,,,N,4,0,1,3,A,-,3,22350,,N,G,B,B,A,H,-,C,A,0,Y,,,,Y,,D,22,0,0,1,0,1,0,0,0,0,- ,- ,,,LOS ANGELES,COMPTON,-118.2510423,33.90296494
5515586,2012,7/9/2013,1942,2/28/2012,1800,36160,497,2,5,7,1942,0,0,0,D,0,11TL32,ALVARADO ST,WILSHIRE BL,150,S,N,A,-,N,,,,,,,,,,N,3,0,1,2,A,-,11,21955,,N,G,B,D,A,H,-,C,D,0,Y,,,,Y,Y,N,60,0,1,0,0,1,0,0,0,0,- ,- ,,,LOS ANGELES,LOS ANGELES,-118.2761189,34.05757932
5515921,2012,6/15/2013,1942,1/10/2012,1800,38633,378,2,5,7,1942,0,0,0,C,0,3TL5,FIGUEROA ST,EXPOSITION BL,210,N,N,A,-,N,,,,,,,,,,N,3,0,1,2,A,-,11,21955,,N,G,B,D,A,H,-,B,A,0,Y,,,,Y,,N,60,0,1,0,0,1,0,0,0,0,- ,- ,,,LOS ANGELES,LOS ANGELES,-118.2820671,34.01866216
5515938,2012,6/15/2013,1942,1/26/2012,1530,39291,1837,4,5,7,1942,0,0,0,R,0,18T23,BEACH ST,103RD ST,15,S,N,A,-,N,,,,,,,,,,N,2,0,1,2,A,-,10,21950,A,F,G,B,D,A,H,-,A,D,0,Y,,,,Y,,-,99,1,0,0,0,1,0,0,0,0,- ,- ,,,LOS ANGELES,LOS ANGELES,-118.2420632,33.94316372
5515942,2012,6/15/2013,1942,1/28/2012,710,40088,1839,6,5,7,1942,0,0,0,R,0,18T23,SANTA ANA BL,111TH ST,0,,N,A,-,N,,,,,,,,,,N,4,0,1,2,A,-,11,21954,A,N,G,B,E,A,H,-,A,D,0,Y,,,,Y,,N,60,0,0,1,0,1,0,0,0,0,- ,- ,,,LOS ANGELES,LOS ANGELES,-118.2317523,33.9346449
5515949,2012,6/15/2013,1942,1/25/2012,820,40761,332,3,5,7,1942,0,0,0,,0,3A19,ADAMS BL,WEST BL,0,,Y,A,-,N,,,,,,,,,,N,4,0,1,2,A,-,9,21804,A,F,G,B,D,A,H,-,A,D,0,Y,,,,Y,,-,99,0,0,1,0,1,0,0,0,0,- ,- ,,,LOS ANGELES,LOS ANGELES,-118.3417122,34.03254492
5515958,2012,6/15/2013,1942,1/20/2012,1620,40097,2056,5,5,7,1942,0,0,0,,0,20TL56,PICO BL,CATALINA ST,113,E,N,A,-,N,,,,,,,,,,N,3,0,1,2,A,-,9,21804,A,N,D,B,F,A,H,-,A,D,0,Y,,,,Y,,A,1,0,1,0,0,1,0,0,0,0,- ,- ,,,LOS ANGELES,LOS ANGELES,-118.2943799,34.04724485
5515977,2012,6/15/2013,1942,1/17/2012,330,38494,373,2,5,7,1942,0,0,0,,0,3A63,7TH AV,48TH ST,24,S,N,A,-,N,,,,,,,,,,N,3,0,1,2,A,-,11,21954,A,F,G,B,D,A,H,-,C,D,0,Y,,,,Y,,N,60,0,1,0,0,1,0,0,0,0,- ,- ,,,LOS ANGELES,LOS ANGELES,-118.3246925,33.99995902
5515986,2012,6/15/2013,1900,1/6/2012,2200,513425,334,5,5,4,1939,0,0,0,,0,35T1EM,FIRMONA AV,161ST ST,2,N,N,A,-,N,,,,,,,,,,N,3,0,1,2,A,-,10,21950,A,N,G,B,B,A,H,-,C,A,0,Y,,,,Y,,A,1,0,1,0,0,1,0,0,0,0,- ,- ,,,LOS ANGELES,LAWNDALE,-118.3576421,33.88451032
5515995,2012,7/6/2013,1942,2/13/2012,1840,40651,379,1,5,7,1942,0,0,0,C,0,3A34,VERMONT AV,MARTIN LUTHER KING JR BL,75,N,N,A,-,N,,,,,,,,,,N,4,0,1,2,A,-,10,21952,,N,G,B,F,A,H,-,C,A,0,Y,,,,Y,,A,1,0,0,1,0,1,0,0,0,0,- ,- ,,,LOS ANGELES,LOS ANGELES,-118.2915639,34.01107054
5516459,2012,10/3/2013,1973,2/15/2012,545,498,1973,3,5,1,1973,0,0,0,,0,3,BANDINI BL,ATLANTIC BL,519,W,N,A,-,Y,LA,7,710,-,-,22.063,R,4,S,N,4,0,2,3,A,-,17,23114,,N,B,E,E,D,B,-,C,A,0,Y,,,Y,Y,,F,25,0,0,2,0,1,0,0,0,0,- ,- ,,,LOS ANGELES,VERNON,-118.1745621,34.00136489
5516559,2012,8/13/2013,1942,2/9/2012,735,38365,2039,4,5,7,1942,0,0,0,,0,11TL21,LEEWARD AV,HOOVER ST,5,W,N,A,-,N,,,,,,,,,,N,4,0,1,2,A,-,9,21802,A,N,G,B,B,A,H,-,A,A,0,Y,,,,Y,,A,1,0,0,1,0,1,0,0,0,0,- ,- ,,,LOS ANGELES,LOS ANGELES,-118.2842287,34.05874509
5516592,2012,7/20/2013,1942,2/6/2012,1350,36659,392,1,5,7,1942,0,0,0,,0,3TL57,48TH ST,11TH AV,0,,Y,B,-,N,,,,,,,,,,N,4,0,1,2,A,-,10,21950,A,N,G,B,B,A,H,-,A,A,0,Y,,,,Y,,D,22,0,0,1,0,1,0,0,0,0,- ,- ,,,LOS ANGELES,LOS ANGELES,-118.3293823,34.00000492
5516682,2012,8/3/2013,1925,3/12/2012,1740,14236,,1,5,6,1925,0,0,0,,0,1,COLUMBUS AV,STOCKER ST,155,S,N,B,-,N,,,,,,,,,,N,2,0,1,2,A,-,11,21954,A,N,G,B,D,A,H,-,A,D,0,Y,,,,Y,,N,60,1,0,0,0,1,0,0,0,0,- ,- ,,,LOS ANGELES,GLENDALE,-118.2620503,34.16314672
5516824,2012,7/19/2013,1942,2/26/2012,1730,38850,2156,7,5,7,1942,0,0,0,,0,10TL36,CANOGA AV,VICTORY BL,400,N,N,A,-,N,,,,,,,,,,N,3,0,1,2,A,-,10,21952,,N,G,B,F,A,H,-,A,D,0,Y,,,Y,Y,,F,26,0,1,0,0,1,0,0,0,0,- ,- ,,,LOS ANGELES,LOS ANGELES,-118.5974656,34.18944198
5516825,2012,6/27/2013,1942,1/24/2012,615,40059,301,2,5,7,1942,0,0,0,C,0,3TL5,FAIRFAX AV,WASHINGTON BL,0,,Y,A,-,N,,,,,,,,,,N,4,0,1,2,A,-,10,21950,A,N,G,B,B,A,H,-,B,A,0,Y,,,,Y,,A,1,0,0,1,0,1,0,0,0,0,- ,- ,,,LOS ANGELES,LOS ANGELES,-118.3698623,34.03443495
5516943,2012,7/12/2013,1942,2/1/2012,1540,36911,,3,5,7,1942,0,0,0,,0,,5TH ST,CABRILLO AV,0,,Y,A,-,N,,,,,,,,,,N,4,0,1,2,A,-,10,21950,A,N,G,B,B,A,H,-,A,D,0,Y,,,,Y,,A,1,0,0,1,0,1,0,0,0,0,- ,- ,,,LOS ANGELES,LOS ANGELES,-118.2945523,33.7396849
5517559,2012,6/27/2013,1942,1/8/2012,600,37611,119,7,5,7,1942,0,0,0,A,0,1TL11,BAUCHET ST,VIGNES ST,624,E,N,A,-,N,,,,,,,,,,N,3,0,1,2,A,-,10,21950,A,N,G,B,C,A,H,-,B,A,0,Y,,,,Y,,A,1,0,1,0,0,1,0,0,0,0,- ,- ,,,LOS ANGELES,LOS ANGELES,-118.2303754,34.05950323
5517852,2012,7/13/2013,1941,2/14/2012,1545,5870,672,2,5,7,1941,0,0,0,,0,16,SUNFIELD AV,ARBOR ST,600,S,N,A,-,N,,,,,,,,,,N,3,0,1,2,A,-,11,21954,A,N,G,B,D,A,H,-,A,D,0,Y,,,,Y,,N,60,0,1,0,0,1,0,0,0,0,- ,- ,,,LOS ANGELES,LONG BEACH,-118.1349926,33.84139986
5517853,2012,7/13/2013,1941,2/8/2012,1616,6215,,3,5,7,1941,0,0,0,,0,,ELM AV,14TH ST,59,N,N,A,-,N,,,,,,,,,,N,4,0,1,2,-,-,- ,,,N,G,B,D,A,H,-,A,D,0,Y,,,,Y,,-,- ,0,0,1,0,1,0,0,0,0,- ,- ,,,LOS ANGELES,LONG BEACH,-118.187993,33.78395663
5517859,2012,7/13/2013,1941,2/15/2012,1348,5150,,3,5,7,1941,0,0,0,,0,,PACIFIC AV,16TH ST,4,N,N,C,-,N,,,,,,,,,,N,3,0,1,2,A,-,10,21950,A,N,B,B,C,B,G,-,A,D,0,Y,,,,Y,,A,,0,1,0,0,1,0,0,0,0,- ,- ,,,LOS ANGELES,LONG BEACH,-118.1937423,33.7871458
5518030,2012,6/28/2013,1912,2/24/2012,1615,9393,,5,5,6,1912,0,0,0,,0,,HOLLYWOOD WY,WHITNALL HWY,30,S,N,A,-,N,,,,,,,,,,N,2,0,1,2,A,-,10,21952,,N,G,B,F,A,H,-,A,D,0,Y,,,,Y,,A,1,1,0,0,0,1,0,0,0,0,- ,- ,34.16362,-118.34493,LOS ANGELES,BURBANK,-118.3449751,34.16359858
5518032,2012,7/13/2013,1942,2/18/2012,1200,38049,1045,6,5,7,1942,0,0,0,J,0,DESK,BURBANK BL,ZELZAH AV,0,,Y,A,-,N,,,,,,,,,,N,4,0,1,3,A,-,- ,,,F,G,B,B,A,H,-,A,A,0,Y,,,,Y,,-,- ,0,0,1,0,1,0,0,0,0,- ,- ,,,LOS ANGELES,LOS ANGELES,-118.5220523,34.17221496
5518038,2012,6/27/2013,1912,2/25/2012,2230,13175,,6,5,6,1912,0,0,0,,0,,VICTORY BL,CATALINA ST,120,W,N,A,-,N,,,,,,,,,,N,4,0,1,3,A,-,1,23152,A,F,C,E,E,A,H,-,C,D,0,Y,,,,Y,Y,A,1,0,0,1,0,1,0,0,0,0,- ,- ,34.18444,-118.34167,LOS ANGELES,BURBANK,-118.3420181,34.18462255
5518163,2012,7/12/2013,1955,2/21/2012,959,40180,73,2,5,6,1955,0,0,0,,0,5,NORTH SLOPE RD,RAINBOW RIDGE RD,15,E,N,A,-,N,,,,,,,,,,N,4,0,1,2,A,-,10,21950,A,N,G,B,C,A,H,-,A,A,0,Y,,,,Y,,A,1,0,0,1,0,1,0,0,0,0,- ,- ,,,LOS ANGELES,POMONA,-117.7644305,34.03222648
5518228,2012,7/12/2013,1955,2/19/2012,1908,40590,73,7,5,6,1955,0,0,0,,0,5,PHILLIPS RANCH RD,RIO RANCHO RD,0,,Y,A,-,N,,,,,,,,,,N,4,0,1,2,A,-,11,21453,D,N,A,B,B,A,H,-,C,A,0,Y,,,,Y,,A,1,0,0,1,0,1,0,0,0,0,- ,- ,,,LOS ANGELES,POMONA,-117.7720422,34.02730491
5518325,2012,7/9/2013,1920,2/24/2012,1727,11952,1920,5,5,6,1920,0,0,0,,0,1,WASHBURN RD,WOODRUFF AV,0,,Y,A,-,N,,,,,,,,,,N,3,0,1,2,A,-,10,21950,A,N,G,B,B,A,H,-,A,A,0,Y,,,,Y,,A,,0,1,0,0,1,0,0,0,0,- ,- ,,,LOS ANGELES,DOWNEY,-118.1167922,33.92431496
5518330,2012,9/19/2013,1947,2/18/2012,1433,1384,,6,5,5,1947,0,0,0,,0,00E,WHITTIER BL,19TH ST,0,,Y,A,-,N,,,,,,,,,,N,3,0,1,2,A,-,10,21950,A,N,G,B,B,A,H,-,A,A,0,Y,,,,Y,,-,- ,0,1,0,0,1,0,0,0,0,- ,- ,,,LOS ANGELES,MONTEBELLO,-118.1213422,34.01279486
5518377,2012,7/11/2013,1947,2/9/2012,740,1374,,4,5,5,1947,0,0,0,,0,03B,CLEVELAND AV,N 10TH ST,5,W,N,A,-,N,,,,,,,,,,N,4,0,1,2,A,-,- ,,,N,G,B,B,A,H,-,A,A,0,Y,,,,Y,,A,1,0,0,1,0,1,0,0,0,0,- ,- ,34.012,-118.109,LOS ANGELES,MONTEBELLO,-118.1102681,34.01249826
5518390,2012,7/8/2013,1900,2/27/2012,1446,527065,1133,1,5,6,1992,0,0,0,,0,112T2,2ND ST E,AVENUE J-8,240,S,N,B,-,N,,,,,,,,,,Y,3,0,1,2,A,-,3,22350,,N,G,B,D,A,H,-,A,D,0,Y,,,,Y,,A,7,0,1,0,0,1,0,0,0,0,- ,- ,,,LOS ANGELES,LANCASTER,-118.128242,34.68122693
5518482,2012,6/29/2013,1931,2/24/2012,720,5228,1931,5,5,5,1931,0,0,0,,0,1,BELGRAVE AV,STAFFORD AV,0,,Y,A,-,N,,,,,,,,,,N,3,0,1,2,A,-,10,21950,A,N,G,B,B,A,H,-,A,D,0,Y,,,,Y,,A,8,0,1,0,0,1,0,0,0,0,- ,- ,,,LOS ANGELES,HUNTINGTON PARK,-118.2214422,33.9872449
5518792,2012,3/23/2012,1942,2/8/2012,745,36746,2158,3,5,7,1942,0,0,0,,0,DESK,DE SOTO AV,DE SOTO AV 6051,0,,-,A,-,N,,,,,,,,,,N,4,0,1,2,A,-,- ,,,F,H,B,D,A,H,-,A,D,0,Y,,,,Y,,-,99,0,0,1,0,1,0,0,0,0,- ,- ,,,LOS ANGELES,LOS ANGELES,-118.590478,34.180952
5518816,2012,9/25/2013,9535,1/28/2012,216,20336,,6,3,5,1901,0,1,1,,2,421,RT 10,RT 710,760,E,N,A,-,Y,LA,7,10,-,-,21.76,H,-,W,Y,3,0,1,3,A,-,3,22350,,N,D,C,E,A,H,-,C,D,1,Y,,,,Y,Y,A,1,0,1,0,0,1,0,0,0,0,- ,- ,34.06471,-118.15942,LOS ANGELES,ALHAMBRA,-118.1579329,34.06499148
5518820,2012,6/20/2013,1942,1/25/2012,820,37482,139,3,5,7,1942,0,0,0,A,0,1TL11,MERRICK ST,4TH ST,105,N,N,A,-,N,,,,,,,,,,N,4,0,1,2,A,-,11,21954,A,N,G,B,D,A,H,-,A,D,0,Y,,,,Y,,N,60,0,0,1,0,1,0,0,0,0,- ,- ,,,LOS ANGELES,LOS ANGELES,-118.2342017,34.04338337
5518821,2012,6/20/2013,1906,1/25/2012,1909,2870,,3,5,5,1906,0,0,0,,0,,LA RICA AV,ANADA AV,35,S,N,A,-,N,,,,,,,,,,N,4,0,1,2,A,-,11,21954,A,F,G,B,D,A,H,-,B,D,0,Y,,,,Y,Y,N,60,0,0,1,0,1,0,0,0,0,- ,- ,,,LOS ANGELES,BALDWIN PARK,-117.9671158,34.10089907
5518836,2012,6/20/2013,1942,1/26/2012,1950,39184,1115,4,5,7,1942,0,0,0,K,0,4T43W3,EAGLE ROCK BL,MERTON AV,0,,Y,A,-,N,,,,,,,,,,N,4,0,1,2,A,-,10,21950,A,N,G,B,B,A,H,-,C,A,0,Y,,,,Y,,A,7,0,0,1,0,1,0,0,0,0,- ,- ,,,LOS ANGELES,LOS ANGELES,-118.2146023,34.13775491
5518844,2012,6/20/2013,1942,1/23/2012,800,38061,1172,1,5,7,1942,0,0,0,K,0,1TL11,GLENDALE BL,ALLESANDRO,3,S,N,C,-,N,,,,,,,,,,N,4,0,1,4,A,-,4,21703,,N,C,C,B,B,H,-,A,D,0,Y,,,,Y,,A,1,0,0,1,0,1,0,0,0,0,- ,- ,,,LOS ANGELES,LOS ANGELES,-118.2600426,34.08552664
5518847,2012,6/19/2013,1905,1/20/2012,1918,1135,241,5,5,4,1905,0,0,0,,0,1,GLADSTONE ST,AZUSA AV,0,,N,A,-,N,,,,,,,,,,Y,2,0,1,2,A,-,1,23153,A,N,G,B,D,A,H,-,C,D,0,Y,,,,Y,Y,A,7,1,0,0,0,1,0,0,0,0,- ,- ,,,LOS ANGELES,AZUSA,-117.9077623,34.11427496
5518859,2012,6/19/2013,1942,1/23/2012,625,40008,235,1,5,7,1942,0,0,0,B,0,8TL15,3RD ST,GRAND VIEW,9,E,N,B,C,N,,,,,,,,,,N,4,0,1,2,A,-,6,21951,,F,D,B,B,B,H,-,A,D,0,Y,,,,Y,,-,99,0,0,1,0,1,0,0,0,0,- ,- ,,,LOS ANGELES,LOS ANGELES,-118.274714,34.0639454
5519236,2012,7/13/2013,1942,2/17/2012,1900,37304,1967,5,5,7,1942,0,0,0,,0,9TL53,CANTERBURY AV,SUNBURST ST,12,W,N,A,-,N,,,,,,,,,,N,2,0,1,2,A,-,11,21954,A,F,G,B,B,A,H,-,C,D,0,Y,,,,Y,,N,60,1,0,0,0,1,0,0,0,0,- ,- ,,,LOS ANGELES,LOS ANGELES,-118.4333784,34.23796956
5519240,2012,7/13/2013,1942,2/22/2012,1000,39701,1799,3,5,7,1942,0,0,0,Q,0,17TL15,PARTHENIA ST,HASKELL AV,200,W,N,A,-,N,,,,,,,,,,N,3,0,1,2,A,-,3,22350,,F,G,B,E,A,H,-,A,D,0,Y,,,,Y,,-,99,0,1,0,0,1,0,0,0,0,- ,- ,,,LOS ANGELES,LOS ANGELES,-118.4770526,34.22833391
5519276,2012,7/22/2013,1942,2/14/2012,735,35481,2118,2,5,7,1942,0,0,0,,0,16TL25,SUNNY BRAE AV,INGOMAR ST,0,,Y,A,-,N,,,,,,,,,,Y,3,0,1,2,A,-,10,21950,A,N,G,B,B,A,H,-,A,D,0,Y,,,,Y,,A,7,0,1,0,0,1,0,0,0,0,- ,- ,,,LOS ANGELES,LOS ANGELES,-118.5808523,34.21195495
5519286,2012,7/13/2013,1942,2/15/2012,1800,39611,1494,3,5,7,1942,0,0,0,N,0,14A76,WORLD WY,SKY WY,0,,Y,B,-,N,,,,,,,,,,N,4,0,1,2,A,-,21,22106,,N,G,B,E,A,H,-,C,D,0,Y,,,,Y,,A,1,0,0,1,0,1,0,0,0,0,- ,- ,,,LOS ANGELES,LOS ANGELES,-118.3999222,33.94547495
5519358,2012,7/15/2013,1942,2/9/2012,1215,39993,849,4,5,7,1942,0,0,0,H,0,14TL52,ROBERTSON BL,CHALMERS DR,73,S,N,A,-,N,,,,,,,,,,Y,3,0,1,3,A,-,9,21801,A,N,H,B,E,A,H,-,A,D,0,Y,,Y,,Y,,A,1,0,1,0,0,1,0,0,0,0,- ,- ,,,LOS ANGELES,LOS ANGELES,-118.3836231,34.06072463
5519452,2012,7/20/2013,1962,2/21/2012,1454,99,1962,2,5,4,1962,0,0,0,,0,23,RALPH ST,JACKSON AV,108,W,N,A,-,N,,,,,,,,,,N,3,0,1,2,A,-,11,21954,A,N,G,B,D,A,H,-,A,D,0,Y,,,,Y,,N,60,0,1,0,0,1,0,0,0,0,- ,- ,,,LOS ANGELES,SAN GABRIEL,-118.1042581,34.07754371
5519506,2012,7/2/2013,1900,2/24/2012,805,244715,2316,5,5,5,1919,0,0,0,,0,230T,DROXFORD ST,SHOEMAKER AV,300,W,N,B,-,N,,,,,,,,,,N,4,0,1,2,A,-,11,21954,A,N,G,B,D,A,H,-,A,D,0,Y,,,,Y,,-,,0,0,1,0,1,0,0,0,0,- ,- ,,,LOS ANGELES,CERRITOS,-118.055968,33.86117076
5519715,2012,7/16/2013,1942,2/14/2012,1910,37511,1457,2,5,7,1942,0,0,0,N,0,14T47,INGLEWOOD,CULVER DR,30,S,N,A,-,N,,,,,,,,,,N,3,0,1,2,A,-,11,21954,A,N,G,B,D,A,H,-,C,D,0,Y,,,,Y,,N,60,0,1,0,0,1,0,0,0,0,- ,- ,,,LOS ANGELES,LOS ANGELES,-118.411909,33.99005161
5519727,2012,7/8/2013,1942,2/12/2012,810,37770,2042,7,5,7,1942,0,0,0,,0,7TL23,GRAMERCY DR,9TH ST,22,S,N,A,-,N,,,,,,,,,,N,4,0,1,2,A,-,10,21950,A,N,G,B,B,A,H,-,A,A,0,Y,,,,Y,,A,1,0,0,1,0,1,0,0,0,0,- ,- ,,,LOS ANGELES,LOS ANGELES,-118.3122118,34.05578452
5519731,2012,7/8/2013,1942,2/12/2012,2230,39299,2026,7,5,7,1942,0,0,0,,0,7T23,3RD ST,NEW HAMPSHIRE,200,S,N,B,-,N,,,,,,,,,,Y,4,0,1,2,A,-,11,21955,,N,G,B,D,A,H,-,C,D,0,Y,,,,Y,,N,60,0,0,1,0,1,0,0,0,0,- ,- ,,,LOS ANGELES,LOS ANGELES,-118.292922,34.068227
5519747,2012,7/8/2013,1942,2/22/2012,800,37715,2046,3,5,7,1942,0,0,0,,0,20TL59,JAMES M WOOD AV,KENMORE AV,20,E,N,A,-,N,,,,,,,,,,N,3,0,1,2,A,-,11,21955,,N,G,B,E,A,H,-,A,D,0,Y,,,,Y,,N,60,0,1,0,0,1,0,0,0,0,- ,- ,,,LOS ANGELES,LOS ANGELES,-118.2964863,34.05590543
5519795,2012,9/11/2013,1900,1/24/2012,903,502202,2112,2,5,5,1943,0,0,0,,0,DAY,BULLIS RD,MARTIN LUTHER KING JR BL,250,S,N,B,-,N,,,,,,,,,,N,4,0,1,2,A,-,- ,,,N,G,B,B,A,H,-,A,D,0,Y,,,,Y,,A,8,0,0,1,0,1,0,0,0,0,- ,- ,,,LOS ANGELES,LYNWOOD,-118.1994697,33.92740949
5519820,2012,6/22/2013,1942,1/27/2012,1600,39201,2106,5,5,7,1942,0,0,0,,0,DESK,ETON AV,NORDHOFF ST,0,,Y,A,-,N,,,,,,,,,,N,4,0,1,2,A,-,- ,,,F,G,B,E,A,H,-,A,D,0,Y,,,,Y,,-,99,0,0,1,0,1,0,0,0,0,- ,- ,,,LOS ANGELES,LOS ANGELES,-118.5939823,34.23544493
5519832,2012,6/22/2013,1934,1/3/2012,559,741,1934,2,5,1,1934,0,0,0,,0,1,CAMINO DE LA CANTERA,IRWINDALE AV,38,E,N,A,-,N,,,,,,,,,,N,2,0,1,2,D,-,0,,,F,G,B,D,A,H,-,C,A,0,Y,,,,Y,,-,- ,1,0,0,0,1,0,0,0,0,- ,- ,,,LOS ANGELES,IRWINDALE,-117.9335369,34.13180488
5520005,2012,7/31/2013,1941,3/7/2012,1725,5407,,3,5,7,1941,0,0,0,,0,,ANAHEIM ST,DAWSON AV,0,,Y,A,-,N,,,,,,,,,,,3,0,1,2,A,-,10,21950,A,N,G,B,B,A,H,-,A,A,0,Y,,,,Y,,A,7,0,1,0,0,1,0,0,0,0,- ,- ,,,LOS ANGELES,LONG BEACH,-118.1654922,33.78259491
5520013,2012,7/31/2013,1941,3/10/2012,1139,10052,,6,5,7,1941,0,0,0,,0,,BUTLER,SCOTT,30,N,N,A,-,N,,,,,,,,,,N,3,0,1,2,A,-,11,21954,A,N,G,B,D,A,H,-,A,D,0,Y,,,,Y,,N,,0,1,0,0,1,0,0,0,0,- ,- ,,,LOS ANGELES,LONG BEACH,-118.1969422,33.86912711
5520018,2012,8/1/2013,1953,3/3/2012,930,440,1953,6,5,6,1953,0,0,0,,0,2,LINCOLN AV,PEORIA ST,0,,Y,A,-,N,,,,,,,,,,N,4,0,1,2,A,-,10,21950,A,N,G,B,B,A,H,-,A,A,0,Y,,,,Y,,A,1,0,0,1,0,1,0,0,0,0,- ,- ,,,LOS ANGELES,PASADENA,-118.1538723,34.15450492
5520039,2012,8/3/2013,1941,3/8/2012,2500,6215,,4,5,7,1941,0,0,0,,0,,LONG BEACH BL,LONG BEACH BL 3225,0,,N,A,-,N,,,,,,,,,,N,2,0,1,2,-,-,- ,,,N,D,B,D,A,H,-,C,D,0,Y,,,,Y,,-,- ,1,0,0,0,1,0,0,0,0,- ,- ,,,LOS ANGELES,LONG BEACH,-118.189374,33.816042
5520059,2012,8/3/2013,1942,3/4/2012,1800,38383,459,7,5,7,1942,0,0,0,D,0,,CESAR CHAVEZ AV,FRESNO ST,10,E,N,A,-,N,,,,,,,,,,N,3,0,1,2,A,-,10,21950,A,N,G,B,B,A,H,-,C,A,0,Y,,,,Y,,-,- ,0,1,0,0,1,0,0,0,0,- ,- ,,,LOS ANGELES,LOS ANGELES,-118.196403,34.041765
5520067,2012,8/3/2013,1942,3/2/2012,1845,39184,438,5,5,7,1942,0,0,0,,0,,EASTERN AV,ZELLA PL,0,,Y,A,-,N,,,,,,,,,,N,3,0,1,2,A,-,- ,,,M,G,B,D,A,H,-,C,D,0,Y,,,,Y,,-,- ,0,1,0,0,1,0,0,0,0,- ,- ,,,LOS ANGELES,LOS ANGELES,-118.1803722,34.06767497
5520078,2012,8/1/2013,1900,3/2/2012,1459,263565,1127,5,5,6,1992,0,0,0,,0,111T2,40TH ST WEST,AVENUE J,0,,Y,A,-,N,,,,,,,,,,N,4,0,1,2,D,-,0,,,N,G,B,D,A,H,-,A,A,0,Y,,,,Y,,-,- ,0,0,1,0,1,0,0,0,0,- ,- ,,,LOS ANGELES,LANCASTER,-118.2015623,34.68939496
5520086,2012,10/4/2013,1941,3/7/2012,1510,5407,,3,5,7,1941,0,0,0,,0,,CONANT ST,PALO VERDE AV,0,,Y,A,-,N,,,,,,,,,,N,4,0,1,2,A,-,10,21950,A,N,G,B,B,A,H,-,A,A,0,Y,,,,Y,,A,1,0,0,1,0,1,0,0,0,0,- ,- ,,,LOS ANGELES,LONG BEACH,-118.1080723,33.82497487
5520903,2012,8/3/2013,1953,3/15/2012,1053,5631,1953,4,5,6,1953,0,0,0,,0,,FAIR OAKS AV,UNION ST,0,,Y,A,-,N,,,,,,,,,,N,3,0,1,2,A,-,10,21950,A,N,G,B,B,A,H,-,A,A,0,Y,,,,Y,,A,7,0,1,0,0,1,0,0,0,0,- ,- ,,,LOS ANGELES,PASADENA,-118.1504623,34.14676493
5520924,2012,10/22/2013,1925,3/14/2012,636,15093,,3,5,6,1925,0,0,0,,0,4,STOCKER ST,CAMPBELL ST,9,W,N,A,-,N,,,,,,,,,,N,3,0,1,2,A,-,10,21950,A,N,G,B,B,A,H,-,C,D,0,Y,,,,Y,,A,1,0,1,0,0,1,0,0,0,0,- ,- ,,,LOS ANGELES,GLENDALE,-118.2512319,34.16365487