CASE_ID,ACCIDENT_YEAR,PROC_DATE,JURIS,COLLISION_DATE,COLLISION_TIME,OFFICER_ID,REPORTING_DISTRICT,DAY_OF_WEEK,CHP_SHIFT,POPULATION,CNTY_CITY_LOC,SPECIAL_COND,BEAT_TYPE,CHP_BEAT_TYPE,CITY_DIVISION_LAPD,CHP_BEAT_CLASS,BEAT_NUMBER,PRIMARY_RD,SECONDARY_RD,DISTANCE,DIRECTION,INTERSECTION,WEATHER_1,WEATHER_2,STATE_HWY_IND,CALTRANS_COUNTY,CALTRANS_DISTRICT,STATE_ROUTE,ROUTE_SUFFIX,POSTMILE_PREFIX,POSTMILE,LOCATION_TYPE,RAMP_INTERSECTION,SIDE_OF_HWY,TOW_AWAY,COLLISION_SEVERITY,NUMBER_KILLED,NUMBER_INJURED,PARTY_COUNT,PRIMARY_COLL_FACTOR,PCF_CODE_OF_VIOL,PCF_VIOL_CATEGORY,PCF_VIOLATION,PCF_VIOL_SUBSECTION,HIT_AND_RUN,TYPE_OF_COLLISION,MVIW,PED_ACTION,ROAD_SURFACE,ROAD_COND_1,ROAD_COND_2,LIGHTING,CONTROL_DEVICE,CHP_ROAD_TYPE,PEDESTRIAN_ACCIDENT,BICYCLE_ACCIDENT,MOTORCYCLE_ACCIDENT,TRUCK_ACCIDENT,NOT_PRIVATE_PROPERTY,ALCOHOL_INVOLVED,STWD_VEHTYPE_AT_FAULT,CHP_VEHTYPE_AT_FAULT,COUNT_SEVERE_INJ,COUNT_VISIBLE_INJ,COUNT_COMPLAINT_PAIN,COUNT_PED_KILLED,COUNT_PED_INJURED,COUNT_BICYCLIST_KILLED,COUNT_BICYCLIST_INJURED,COUNT_MC_KILLED,COUNT_MC_INJURED,PRIMARY_RAMP,SECONDARY_RAMP,LATITUDE,LONGITUDE,COUNTY,CITY,POINT_X,POINT_Y
5688647,2012,10/17/2013,1925,6/19/2012,1010,15093,,2,5,6,1925,0,0,0,,0,2,SAN FERNANDO RD,CHEVY CHASE DR,10,W,N,A,-,N,,,,,,,,,,N,4,0,1,2,A,-,10,21950,A,F,G,B,B,A,H,-,A,D,0,Y,,,,Y,,A,7,0,0,1,0,1,0,0,0,0,- ,- ,,,LOS ANGELES,GLENDALE,-118.2624752,34.13346007
5688660,2012,10/14/2013,9575,6/8/2012,2255,20172,,5,3,9,1900,0,2,4,,2,84,DUARTE RD,ROSEMEAD BL,250,E,N,A,-,N,,,,,,,,,,N,3,0,1,2,A,-,11,21954,A,N,G,B,D,A,H,-,C,D,0,Y,,,,Y,,N,60,0,1,0,0,1,0,0,0,0,- ,- ,34.12338,-118.07109,LOS ANGELES,UNINCORPORATED,-118.0722424,34.12317533
5688694,2012,10/11/2013,1925,6/13/2012,1416,20871,121,3,5,6,1925,0,0,0,,0,5,MONTROSE AV,LA CRESCENTA AV,0,W,N,A,-,N,,,,,,,,,,N,4,0,1,2,A,-,11,21954,A,M,G,B,D,A,H,-,A,D,0,Y,,,,Y,,N,60,0,0,1,0,1,0,0,0,0,- ,- ,,,LOS ANGELES,GLENDALE,-118.2399922,34.21599489
5688814,2012,11/19/2013,1942,6/21/2012,1740,36191,2035,4,5,7,1942,0,0,0,,0,20A36,7TH ST,MARIPOSA AV,45,W,N,A,-,N,,,,,,,,,,N,4,0,1,3,A,-,3,22350,,F,C,E,E,A,H,-,A,D,0,Y,,,,Y,,A,1,0,0,1,0,1,0,0,0,0,- ,- ,,,LOS ANGELES,LOS ANGELES,-118.2988905,34.05974213
5688823,2012,9/28/2013,1942,6/21/2012,1600,32565,2063,4,5,7,1942,0,0,0,,0,20TL56,WESTERN AV,12TH ST,19,S,N,A,-,N,,,,,,,,,,N,3,0,1,2,A,-,10,21950,A,N,G,B,B,A,H,-,A,A,0,Y,,,,Y,,D,22,0,1,0,0,1,0,0,0,0,- ,- ,,,LOS ANGELES,LOS ANGELES,-118.3090522,34.04897274
5689209,2012,10/7/2013,1900,6/1/2012,1200,475342,2825,5,5,5,1915,0,0,0,,0,282T2,ROSECRANS AV,HARRIS AV,3,E,N,A,-,N,,,,,,,,,,N,3,0,1,2,D,-,0,,,N,G,B,B,A,H,-,A,D,0,Y,,,,Y,,-,- ,0,1,0,0,1,0,0,0,0,- ,- ,,,LOS ANGELES,COMPTON,-118.1993423,33.90359484
5689432,2012,10/15/2013,1965,6/29/2012,1344,3693,06B1,5,5,5,1965,0,0,0,,0,A004,SANTA MONICA BL,19TH ST,0,,Y,A,-,N,,,,,,,,,,N,3,0,1,2,A,-,11,21950,B,N,G,B,D,A,H,-,A,D,0,Y,,,,Y,,N,60,0,1,0,0,1,0,0,0,0,- ,- ,,,LOS ANGELES,SANTA MONICA,-118.4809923,34.02790485
5689528,2012,11/5/2013,1965,7/4/2012,1530,3566,02D1,3,5,5,1965,0,0,0,,0,A002,MAIN ST,BICKNELL AV,0,,Y,A,-,N,,,,,,,,,,N,3,0,1,2,A,-,10,21950,A,N,G,B,B,-,-,-,A,-,0,Y,,,,Y,,I,10,0,1,0,0,1,0,0,0,0,- ,- ,,,LOS ANGELES,SANTA MONICA,-118.4881424,34.00637489
5690306,2012,10/5/2013,1900,6/8/2012,1545,279461,453,5,5,6,1949,0,0,0,,0,43T1D,PIONEER BL,FRONT ST,60,N,N,A,-,N,,,,,,,,,,N,3,0,1,2,A,-,10,21952,,F,G,B,F,A,H,-,A,D,0,Y,,,,Y,,A,7,0,1,0,0,1,0,0,0,0,- ,- ,,,LOS ANGELES,NORWALK,-118.0819022,33.91182937
5690310,2012,10/5/2013,1900,6/12/2012,1525,487711,464,2,5,4,1936,0,0,0,,0,46T1,ROSECRANS AV,LA FONDA DR,0,,Y,A,-,N,,,,,,,,,,N,3,0,2,3,A,-,6,21951,,N,A,B,B,A,H,-,A,D,0,Y,,,,Y,,A,1,0,2,0,0,2,0,0,0,0,- ,- ,,,LOS ANGELES,LA MIRADA,-118.0012322,33.89914496
5690538,2012,9/27/2013,1900,6/23/2012,656,471339,1430,6,5,4,1937,0,0,0,,0,143A1,PUERTA AV,TEMPLE AV,206,N,N,A,-,N,,,,,,,,,,N,3,0,1,3,C,-,18,,,N,G,B,E,A,H,-,A,D,0,Y,,,,Y,,-,- ,0,1,0,0,1,0,0,0,0,- ,- ,,,LOS ANGELES,LA PUENTE,-117.981324,34.05097
5690651,2012,9/28/2013,1976,6/11/2012,1123,241,WHITT,1,5,5,1976,0,0,0,,0,,WASHINGTON BL,WASHINGTON BL 12358,0,,N,A,-,N,,,,,,,,,,N,2,0,1,2,A,-,10,21950,A,N,G,B,B,A,H,-,A,A,0,Y,,,,Y,,D,22,1,0,0,0,1,0,0,0,0,- ,- ,,,LOS ANGELES,WHITTIER,-118.049298,33.967108
5690861,2012,2/7/2014,9575,5/30/2012,1215,15204,,3,1,9,1900,0,1,1,,2,65,RT 210,FOOTHILL BL,69,S,N,A,-,Y,LA,7,210,-,R,29.593,R,2,W,N,2,0,1,2,A,-,11,21954,A,N,G,B,D,A,H,-,A,D,1,Y,,,,Y,Y,N,60,1,0,0,0,1,0,0,0,0,- ,- ,34.14997,-118.0705,LOS ANGELES,UNINCORPORATED,-118.0741721,34.14842491
5690877,2012,8/30/2013,1972,5/14/2012,1035,18874,,1,5,6,1972,0,0,0,,0,,MADRONA AV,CARSON ST,217,S,N,A,-,N,,,,,,,,,,N,4,0,1,2,A,-,- ,,,N,G,B,F,A,H,-,A,D,0,Y,,,,Y,,A,,0,0,1,0,1,0,0,0,0,- ,- ,,,LOS ANGELES,TORRANCE,-118.345085,33.83055968
5690903,2012,10/12/2013,1941,6/28/2012,1608,5462,,4,5,7,1941,0,0,0,,0,,OCEAN,54TH PL,250,E,N,A,-,N,,,,,,,,,,N,3,0,1,2,A,-,11,21954,A,N,G,B,D,A,H,-,A,D,0,Y,,,,Y,,N,,0,1,0,0,1,0,0,0,0,- ,- ,,,LOS ANGELES,LONG BEACH,-118.13166,33.75311363
5690931,2012,10/12/2013,1900,6/18/2012,1440,47763127,2317,1,5,5,1919,0,0,0,,0,230T,183RD ST,BLOOMFIELD AV,0,,Y,A,-,N,,,,,,,,,,Y,3,0,2,3,A,-,9,21453,B,N,D,C,F,A,H,-,A,A,0,Y,,,,Y,,A,1,0,1,1,0,1,0,0,0,0,- ,- ,,,LOS ANGELES,CERRITOS,-118.0638622,33.86587494
5690939,2012,10/12/2013,1900,6/23/2012,1920,405645,2318,6,5,5,1919,0,0,0,,0,230T1,ECHO RIVER WY,NORWALK BL,0,,Y,A,-,N,,,,,,,,,,N,3,0,1,2,A,-,10,21950,A,N,G,B,B,A,H,-,A,D,0,Y,,,,Y,,A,1,0,1,0,0,1,0,0,0,0,- ,- ,,,LOS ANGELES,CERRITOS,-118.0727722,33.88279491
5690951,2012,10/12/2013,1900,6/9/2012,1057,405950,2316,6,5,5,1919,0,0,0,,0,230T,KENSINGTON AV,ASHWORTH ST,208,N,N,A,-,N,,,,,,,,,,Y,3,0,1,2,A,-,8,22107,,N,G,B,E,A,H,-,A,D,0,Y,,,,Y,,A,1,0,1,0,0,1,0,0,0,0,- ,- ,,,LOS ANGELES,CERRITOS,-118.0372008,33.86923512
5691224,2012,9/24/2013,1900,6/1/2012,1928,533843,1365,5,5,5,1952,0,0,0,,0,136R,ROSE ST,CORONADO AV,20,W,N,A,-,N,,,,,,,,,,N,3,0,1,2,A,-,11,21954,A,N,G,B,D,A,H,-,A,D,0,Y,,,,Y,,N,60,0,1,0,0,1,0,0,0,0,- ,- ,,,LOS ANGELES,PARAMOUNT,-118.160913,33.905477
5691228,2012,9/24/2013,1900,6/2/2012,1500,506588,1368,6,5,5,1952,0,0,0,,0,136A/P,ALONDRA BL,PARAMOUNT BL,190,E,N,A,-,N,,,,,,,,,,N,4,0,1,2,A,-,11,21954,A,N,G,B,D,A,H,-,A,A,0,Y,,,Y,Y,,N,,0,0,1,0,1,0,0,0,0,- ,- ,,,LOS ANGELES,PARAMOUNT,-118.1595674,33.88924484
5691282,2012,10/14/2013,1942,6/25/2012,2230,33779,2148,1,5,7,1942,0,0,0,,0,15T44,COZYCROFT AV,HART ST,370,S,N,A,-,N,,,,,,,,,,N,3,0,1,2,A,-,3,22350,,F,D,B,E,A,H,-,C,A,0,Y,,,,Y,,-,99,0,1,0,0,1,0,0,0,0,- ,- ,,,LOS ANGELES,LOS ANGELES,-118.5808993,34.19584773
5691285,2012,10/14/2013,1942,6/2/2012,550,32297,2011,6,5,7,1942,0,0,0,,0,20A45,3RD ST,VAN NESS AV,0,,Y,B,-,N,,,,,,,,,,N,2,0,1,2,A,-,10,21950,A,N,G,B,B,A,H,-,A,A,0,Y,,,,Y,,A,1,1,0,0,0,1,0,0,0,0,- ,- ,,,LOS ANGELES,LOS ANGELES,-118.3156823,34.06896488
5691286,2012,10/14/2013,1942,6/27/2012,1035,36618,1785,3,5,7,1942,0,0,0,Q,0,21TL64,RESEDA BL,PRAIRIE ST,225,S,N,A,-,N,,,,,,,,,,N,4,0,1,2,C,-,18,,,F,G,B,F,A,H,-,A,D,0,Y,,,,Y,,-,- ,0,0,1,0,1,0,0,0,0,- ,- ,,,LOS ANGELES,LOS ANGELES,-118.5361084,34.23850766
5691294,2012,10/14/2013,1942,6/15/2012,1800,37056,1622,5,5,7,1942,0,0,0,P,0,16A1,TELFAIR AV,VAN NUYS BL,0,,Y,A,-,N,,,,,,,,,,N,3,0,1,2,A,-,11,21954,A,F,G,B,B,A,H,-,A,A,0,Y,,,,Y,,D,22,0,1,0,0,1,0,0,0,0,- ,- ,,,LOS ANGELES,LOS ANGELES,-118.4255523,34.26355488
5691314,2012,10/30/2013,1942,6/22/2012,2300,37911,636,5,5,7,1942,0,0,0,F,0,6TL7,HIGHLAND BL,HOLLYWOOD BL,2,N,N,A,-,N,,,,,,,,,,N,4,0,1,2,A,-,11,21456,B,N,G,B,B,A,H,-,C,A,0,Y,,,,Y,,N,60,0,0,1,0,1,0,0,0,0,- ,- ,,,LOS ANGELES,LOS ANGELES,-118.3386923,34.10156034
5691330,2012,10/14/2013,1942,6/18/2012,1710,33048,637,1,5,7,1942,0,0,0,,0,6TL2,GOWER AV,HOLLYWOOD BL,12,N,N,A,-,N,,,,,,,,,,N,4,0,1,2,A,-,11,21955,,F,G,B,D,A,H,-,A,D,0,Y,,,,Y,,N,60,0,0,1,0,1,0,0,0,0,- ,- ,,,LOS ANGELES,LOS ANGELES,-118.3223836,34.10167775
5691337,2012,10/14/2013,1942,6/15/2012,810,33048,2074,5,5,7,1942,0,0,0,,0,6TL7,PICO BL,IROLO ST,20,E,N,A,-,N,,,,,,,,,,N,4,0,1,2,A,-,11,21955,,F,G,B,D,A,H,-,A,A,0,Y,,,,Y,,N,60,0,0,1,0,1,0,0,0,0,- ,- ,,,LOS ANGELES,LOS ANGELES,-118.3009663,34.04721485
5691350,2012,11/1/2013,1942,6/2/2012,820,31291,2035,6,5,7,1942,0,0,0,,0,20A1,WILSHIRE BL,CATALINA AV,0,,Y,B,-,N,,,,,,,,,,N,3,0,1,2,A,-,10,21950,A,N,G,B,B,A,H,-,A,A,0,Y,,,,Y,,A,1,0,1,0,0,1,0,0,0,0,- ,- ,,,LOS ANGELES,LOS ANGELES,-118.2954323,34.06176491
5691354,2012,10/15/2013,1942,6/4/2012,1755,40096,2031,1,5,7,1942,0,0,0,,0,20A14,8TH ST,SAINT ANDREWS,35,E,N,A,-,N,,,,,,,,,,N,4,0,1,2,A,-,11,21954,A,N,G,B,C,A,H,-,A,D,0,Y,,,,Y,,N,60,0,0,1,0,1,0,0,0,0,- ,- ,,,LOS ANGELES,LOS ANGELES,-118.3110669,34.05803485
5691357,2012,10/14/2013,1942,2/22/2012,1415,37468,2081,3,5,7,1942,0,0,0,,0,20A36,VENICE,ARLINGTON,0,,Y,A,-,N,,,,,,,,,,N,4,0,2,3,A,-,10,21950,A,N,G,B,B,A,H,-,A,D,0,Y,,,,Y,,A,1,0,0,2,0,2,0,0,0,0,- ,- ,,,LOS ANGELES,LOS ANGELES,-118.3177322,34.04354493
5691363,2012,10/14/2013,1942,6/14/2012,2055,40376,638,4,5,7,1942,0,0,0,,0,6A15,WILTON,FRANKLIN,20,S,N,A,-,N,,,,,,,,,,N,4,0,1,2,A,-,10,21950,A,F,G,B,B,A,H,-,B,A,0,Y,,,,Y,,-,99,0,0,1,0,1,0,0,0,0,- ,- ,,,LOS ANGELES,LOS ANGELES,-118.3136719,34.10527001
5691367,2012,10/14/2013,1942,6/26/2012,2015,37903,817,2,5,7,1942,0,0,0,H,0,6T7,WESTWOOD BL,KINROSS AV,7,N,N,A,-,N,,,,,,,,,,N,2,0,1,2,A,-,10,21950,A,N,G,B,B,A,H,-,C,A,0,Y,,,,Y,,A,1,1,0,0,0,1,0,0,0,0,- ,- ,,,LOS ANGELES,LOS ANGELES,-118.4454418,34.06079404
5691454,2012,10/11/2013,1942,6/17/2012,1405,38123,1621L,7,5,7,1942,0,0,0,P,0,16A1,LAUREL CYN,VAN NUYS,5,N,N,A,-,N,,,,,,,,,,N,4,0,1,2,D,-,0,,,N,G,B,B,A,H,-,A,A,0,Y,,,,Y,,-,- ,0,0,1,0,1,0,0,0,0,- ,- ,,,LOS ANGELES,LOS ANGELES,-118.4321531,34.25878518
5691456,2012,10/11/2013,1942,6/11/2012,1545,38807,1612,1,5,7,1942,0,0,0,P,0,16A59,DE HAVEN AV,JUDD ST,0,,Y,A,-,N,,,,,,,,,,N,3,0,1,2,A,-,8,22107,,F,G,B,D,A,H,-,A,D,0,Y,,,,Y,,A,7,0,1,0,0,1,0,0,0,0,- ,- ,,,LOS ANGELES,LOS ANGELES,-118.4149823,34.27534494
5691840,2012,10/16/2013,1948,6/12/2012,2106,383,,2,5,5,1948,0,0,0,,0,2,NEW AV,EMERSON AV,0,,Y,A,-,N,,,,,,,,,,N,4,0,1,2,A,-,- ,,,N,G,B,B,A,H,-,C,A,0,Y,,,,Y,,A,1,0,0,1,0,1,0,0,0,0,- ,- ,,,LOS ANGELES,MONTEREY PARK,-118.1081622,34.06625498
5691842,2012,10/17/2013,9535,6/26/2012,745,17789,,2,1,9,1900,0,2,4,,2,12,CITY TERRACE DR,EASTERN AV,0,,Y,A,-,N,,,,,,,,,,N,3,0,1,2,A,-,10,21950,A,N,G,B,B,A,H,-,A,A,0,Y,,,,Y,,A,7,0,1,0,0,1,0,0,0,0,- ,- ,34.05784,-118.17223,LOS ANGELES,UNINCORPORATED,-118.1722223,34.05761495
5691850,2012,3/3/2014,9535,6/23/2012,955,19762,,6,1,5,1959,0,1,1,,2,401,RT 10,SAN GABRIEL BL,15,W,N,A,-,Y,LA,7,10,-,-,25.877,R,1,W,N,4,0,1,2,A,-,21,22106,,N,G,B,C,A,H,-,A,A,0,Y,,,,Y,,A,1,0,0,1,0,1,0,0,0,0,WF,- ,34.07343,-118.09079,LOS ANGELES,ROSEMEAD,-118.089037,34.07225217
5691852,2012,10/17/2013,1942,6/19/2012,1115,37715,802,2,5,7,1942,0,0,0,H,0,7TL23,SUNSET BL,SWARTHMORE AV,10,E,N,A,-,N,,,,,,,,,,N,3,0,1,2,A,-,10,21950,A,N,G,B,B,A,H,-,A,A,0,Y,,,,Y,,A,7,0,1,0,0,1,0,0,0,0,- ,- ,,,LOS ANGELES,LOS ANGELES,-118.5257901,34.04737453
5691887,2012,10/16/2013,1942,6/20/2012,55,34959,752,3,5,7,1942,0,0,0,G,0,8TL35,LA CIENEGA BL,PICO BL,5,N,N,A,-,N,,,,,,,,,,Y,2,0,2,3,A,-,1,23152,A,F,G,B,B,A,H,-,C,A,0,Y,,,,Y,,A,1,2,0,0,0,2,0,0,0,0,- ,- ,,,LOS ANGELES,LOS ANGELES,-118.3762222,34.05333856
5691921,2012,10/12/2013,1942,6/1/2012,300,32780,646,5,5,7,1942,0,0,0,F,0,6A45,IVAR AV,HOLLYWOOD BL,150,S,N,A,-,N,,,,,,,,,,N,4,0,1,2,A,-,- ,,,F,A,B,E,A,H,-,C,D,0,Y,,,,Y,,N,60,0,0,1,0,1,0,0,0,0,- ,- ,,,LOS ANGELES,LOS ANGELES,-118.3281877,34.10119348
5691926,2012,10/12/2013,1942,6/19/2012,1015,38715,1488,2,5,7,1942,0,0,0,N,0,14A67,AIRPORT BL,98TH,18,N,N,A,-,N,,,,,,,,,,N,2,0,1,2,A,-,10,21950,A,N,A,B,B,A,H,-,A,A,0,Y,,,,Y,,A,1,1,0,0,0,1,0,0,0,0,- ,- ,,,LOS ANGELES,LOS ANGELES,-118.3860296,33.94738416
5691930,2012,10/12/2013,1942,6/23/2012,750,39507,762,6,5,7,1942,0,0,0,G,0,14TL47,LA CIENEGA BL,AIRDROME ST,40,N,N,A,-,N,,,,,,,,,,N,3,0,1,2,A,-,11,21954,A,N,G,B,D,A,H,-,A,A,0,Y,,,,Y,,N,60,0,1,0,0,1,0,0,0,0,- ,- ,,,LOS ANGELES,LOS ANGELES,-118.3761927,34.04721455
5691954,2012,10/12/2013,1942,6/16/2012,1515,38799,1437,6,5,7,1942,0,0,0,N,0,14A27,VENICE BL,SEPULVEDA BL,5,S,N,A,-,N,,,,,,,,,,N,4,0,1,2,A,-,10,21950,A,N,G,B,B,A,H,-,A,A,0,Y,,,,Y,,A,7,0,0,1,0,1,0,0,0,0,- ,- ,,,LOS ANGELES,LOS ANGELES,-118.4172757,34.01296702
5691994,2012,10/12/2013,1942,5/19/2012,1000,37623,721,6,5,7,1942,0,0,0,G,0,8TL35,SAN VICENTE BL,3RD ST,200,N,N,A,-,N,,,,,,,,,,N,3,0,1,2,A,-,17,21200,,N,B,B,F,A,H,-,A,D,0,Y,Y,,,Y,,N,60,0,1,0,0,1,0,0,0,0,- ,- ,,,LOS ANGELES,LOS ANGELES,-118.3782007,34.07401963
5692087,2012,11/7/2013,1925,7/3/2012,1657,15584,194,2,5,6,1925,0,0,0,,0,1,WESTERN AV,SAN FERNANDO RD,3,N,N,A,-,N,,,,,,,,,,N,4,0,1,2,A,-,10,21950,A,N,G,B,B,A,H,-,A,A,0,Y,,,,Y,,-,- ,0,0,1,0,1,0,0,0,0,- ,- ,,,LOS ANGELES,GLENDALE,-118.2921558,34.16877111
5692092,2012,11/8/2013,1956,7/2/2012,1315,1192,42,1,5,5,1956,0,0,0,,0,4,RINDGE LN,ARTESIA BL,4,S,N,A,-,N,,,,,,,,,,N,4,0,1,2,A,-,10,21950,A,N,D,B,B,A,H,-,A,A,0,Y,,,,Y,,A,1,0,0,1,0,1,0,0,0,0,- ,- ,,,LOS ANGELES,REDONDO BEACH,-118.3727922,33.87289386
5692099,2012,11/7/2013,1928,7/2/2012,1910,314,H3,1,5,5,1928,0,0,0,,0,H520,YUKON AV,ROSECRANS AV,640,N,N,A,-,N,,,,,,,,,,N,3,0,1,2,A,-,11,21954,A,N,D,B,D,A,H,-,A,D,0,Y,,,,Y,,N,60,0,1,0,0,1,0,0,0,0,- ,- ,,,LOS ANGELES,HAWTHORNE,-118.3351533,33.90366958
5692208,2012,9/21/2013,1942,4/14/2012,1640,39976,,6,5,7,1942,0,0,0,,0,5T25,WESTERN AV,228TH ST,0,,Y,A,-,N,,,,,,,,,,Y,2,0,3,5,A,-,9,21804,A,N,D,C,F,A,H,-,A,A,0,Y,,,,Y,,A,1,1,2,0,0,3,0,0,0,0,- ,- ,,,LOS ANGELES,LOS ANGELES,-118.3089923,33.81904488
5692242,2012,9/27/2013,1942,6/21/2012,1545,37700,646,4,5,7,1942,0,0,0,F,0,8TL28,WILCOX AV,SELMA AV,75,N,N,A,-,N,,,,,,,,,,N,4,0,1,2,A,-,11,21955,,N,G,B,D,A,H,-,A,D,0,Y,,,,Y,,N,60,0,0,1,0,1,0,0,0,0,- ,- ,,,LOS ANGELES,LOS ANGELES,-118.3310545,34.09997055
5692265,2012,9/26/2013,1900,5/22/2012,1430,494468,1333,2,5,5,1908,0,0,0,,0,133T1,MCNAB AV,NICHOLAS ST,65,S,N,A,-,N,,,,,,,,,,N,4,0,1,2,A,-,11,21954,A,N,G,B,D,A,H,-,A,D,0,Y,,,,Y,,N,60,0,0,1,0,1,0,0,0,0,- ,- ,,,LOS ANGELES,BELLFLOWER,-118.113127,33.89565669
5692329,2012,10/9/2013,1942,6/18/2012,1430,31573,743,1,5,7,1942,0,0,0,G,0,34MQ09,OLYMPIC BL,MASSELIN AV,3,W,N,A,-,N,,,,,,,,,,N,3,0,1,2,A,-,10,21950,A,N,G,B,B,A,H,-,A,A,0,Y,,,,Y,,A,1,0,1,0,0,1,0,0,0,0,- ,- ,,,LOS ANGELES,LOS ANGELES,-118.3547921,34.05740502
5692333,2012,10/9/2013,1942,6/23/2012,900,36672,75,6,5,7,1942,0,0,0,G,0,6TL7,WILSHIRE BL,CLOVERDALE AV,0,,Y,A,-,N,,,,,,,,,,,4,0,1,2,A,-,11,21950,B,N,A,B,B,A,H,-,A,A,0,Y,,,,Y,Y,N,60,0,0,1,0,1,0,0,0,0,- ,- ,,,LOS ANGELES,LOS ANGELES,-118.3461923,34.06230494
5692357,2012,10/9/2013,1942,6/21/2012,1830,37903,765,4,5,7,1942,0,0,0,G,0,6T7,OLYMPIC BL,NORTON AV,10,W,N,A,-,N,,,,,,,,,,N,4,0,1,2,A,-,9,21453,B,N,G,B,B,A,H,-,A,A,0,Y,,,,Y,,A,1,0,0,1,0,1,0,0,0,0,- ,- ,,,LOS ANGELES,LOS ANGELES,-118.3207519,34.05381673
5718414,2012,10/16/2013,1942,6/30/2012,1340,35951,1012,6,5,7,1942,0,0,0,J,0,16TL26,RESEDA BL,SATICOY ST,10,N,N,A,-,N,,,,,,,,,,N,4,0,1,2,A,-,11,21453,D,N,G,B,B,A,H,-,A,A,0,Y,,,,Y,,N,60,0,0,1,0,1,0,0,0,0,- ,- ,,,LOS ANGELES,LOS ANGELES,-118.5360723,34.20841229
5718417,2012,10/17/2013,1942,6/21/2012,555,32397,1407,4,5,7,1942,0,0,0,N,0,13A13W,MOTOR AV,TABOR LN,24,N,N,A,-,N,,,,,,,,,,N,4,0,1,2,A,-,11,21453,D,N,G,B,D,A,H,-,A,A,0,Y,,,,Y,,N,60,0,0,1,0,1,0,0,0,0,- ,- ,,,LOS ANGELES,LOS ANGELES,-118.4074441,34.02493068
5718442,2012,11/4/2013,1942,6/29/2012,2050,37143,911,5,5,7,1942,0,0,0,I,0,19T73,VANOWEN ST,FIRMAMENT AV,79,W,N,A,-,N,,,,,,,,,,N,2,0,2,3,A,-,11,21954,A,N,G,B,D,A,H,-,E,D,0,Y,,,,Y,Y,-,- ,2,0,0,0,2,0,0,0,0,- ,- ,,,LOS ANGELES,LOS ANGELES,-118.473163,34.19388486
5718446,2012,10/15/2013,1942,6/26/2012,1620,33694,964,2,5,7,1942,0,0,0,I,0,35M114,MAGNOLIA ST,TILDEN AV,200,E,N,A,-,N,,,,,,,,,,N,3,0,1,3,A,-,17,22517,,N,B,B,E,A,H,-,A,D,0,Y,,,,Y,,N,60,0,1,0,0,1,0,0,0,0,- ,- ,,,LOS ANGELES,LOS ANGELES,-118.4468923,34.16486133
5718474,2012,10/16/2013,1942,6/28/2012,835,39868,1526,4,5,7,1942,0,0,0,O,0,15TL45,OXNARD ST,TUJUNGA AV,0,,Y,A,-,N,,,,,,,,,,N,4,0,1,2,A,-,10,21950,A,F,D,B,B,A,H,-,A,A,0,Y,,,,Y,,-,99,0,0,1,0,1,0,0,0,0,- ,- ,,,LOS ANGELES,LOS ANGELES,-118.3790623,34.17942489
5718924,2012,10/11/2013,1942,6/14/2012,705,37505,408,4,5,7,1942,0,0,0,D,0,4TL43,NOVGOROD ST,ROSEMEAD AV,0,,Y,A,-,N,,,,,,,,,,N,2,0,1,2,A,-,9,21802,A,N,D,B,E,A,H,-,A,A,0,Y,,,,Y,,-,- ,1,0,0,0,1,0,0,0,0,- ,- ,,,LOS ANGELES,LOS ANGELES,-118.1771223,34.08906496
5718925,2012,10/11/2013,1942,6/18/2012,805,38365,257,1,5,7,1942,0,0,0,B,0,2TL15,VALENCIA ST,WILSHIRE BL,115,N,N,A,-,N,,,,,,,,,,N,2,0,1,2,A,-,3,22350,,N,G,-,F,A,H,-,A,D,0,Y,Y,,,Y,,L,4,1,0,0,0,1,0,0,0,0,- ,- ,,,LOS ANGELES,LOS ANGELES,-118.2682102,34.05485148
5718928,2012,10/11/2013,1942,6/24/2012,1340,38502,1347,7,5,7,1942,0,0,0,M,0,4TL43,COMPTON AV,42ND ST,10,N,N,A,-,N,,,,,,,,,,N,3,0,1,2,A,-,10,21950,A,F,G,B,B,A,H,-,A,D,0,Y,,,,Y,,-,99,0,1,0,0,1,0,0,0,0,- ,- ,,,LOS ANGELES,LOS ANGELES,-118.2474325,34.00679227
5718934,2012,10/11/2013,1942,6/19/2012,1930,30380,487,2,5,7,1942,0,0,0,D,0,13T22,E 8TH ST,S EVERGREEN AV,7,W,N,A,-,N,,,,,,,,,,Y,3,0,1,2,A,-,10,21950,A,N,G,B,B,A,H,-,A,A,0,Y,,,,Y,,A,1,0,1,0,0,1,0,0,0,0,- ,- ,,,LOS ANGELES,LOS ANGELES,-118.2121625,34.02485397
5718939,2012,10/11/2013,1942,6/26/2012,1840,39145,1249,2,5,7,1942,0,0,0,L,0,12X83,GAGE AV,FIGUEROA,200,W,N,A,-,N,,,,,,,,,,N,3,0,1,2,A,-,11,21954,A,N,G,B,D,A,H,-,A,D,0,Y,,,,Y,,N,60,0,1,0,0,1,0,0,0,0,- ,- ,,,LOS ANGELES,LOS ANGELES,-118.2833406,33.98237995