CASE_ID,ACCIDENT_YEAR,PROC_DATE,JURIS,COLLISION_DATE,COLLISION_TIME,OFFICER_ID,REPORTING_DISTRICT,DAY_OF_WEEK,CHP_SHIFT,POPULATION,CNTY_CITY_LOC,SPECIAL_COND,BEAT_TYPE,CHP_BEAT_TYPE,CITY_DIVISION_LAPD,CHP_BEAT_CLASS,BEAT_NUMBER,PRIMARY_RD,SECONDARY_RD,DISTANCE,DIRECTION,INTERSECTION,WEATHER_1,WEATHER_2,STATE_HWY_IND,CALTRANS_COUNTY,CALTRANS_DISTRICT,STATE_ROUTE,ROUTE_SUFFIX,POSTMILE_PREFIX,POSTMILE,LOCATION_TYPE,RAMP_INTERSECTION,SIDE_OF_HWY,TOW_AWAY,COLLISION_SEVERITY,NUMBER_KILLED,NUMBER_INJURED,PARTY_COUNT,PRIMARY_COLL_FACTOR,PCF_CODE_OF_VIOL,PCF_VIOL_CATEGORY,PCF_VIOLATION,PCF_VIOL_SUBSECTION,HIT_AND_RUN,TYPE_OF_COLLISION,MVIW,PED_ACTION,ROAD_SURFACE,ROAD_COND_1,ROAD_COND_2,LIGHTING,CONTROL_DEVICE,CHP_ROAD_TYPE,PEDESTRIAN_ACCIDENT,BICYCLE_ACCIDENT,MOTORCYCLE_ACCIDENT,TRUCK_ACCIDENT,NOT_PRIVATE_PROPERTY,ALCOHOL_INVOLVED,STWD_VEHTYPE_AT_FAULT,CHP_VEHTYPE_AT_FAULT,COUNT_SEVERE_INJ,COUNT_VISIBLE_INJ,COUNT_COMPLAINT_PAIN,COUNT_PED_KILLED,COUNT_PED_INJURED,COUNT_BICYCLIST_KILLED,COUNT_BICYCLIST_INJURED,COUNT_MC_KILLED,COUNT_MC_INJURED,PRIMARY_RAMP,SECONDARY_RAMP,LATITUDE,LONGITUDE,COUNTY,CITY,POINT_X,POINT_Y
5824718,2012,11/26/2013,1942,9/4/2012,805,36399,1844,2,5,7,1942,0,0,0,R,0,3TL5,AVALON BL,111TH ST,25,N,N,A,-,N,,,,,,,,,,N,3,0,1,2,A,-,10,21950,A,N,A,C,C,A,H,-,A,D,0,Y,,,,Y,,A,7,0,1,0,0,1,0,0,0,0,- ,- ,,,LOS ANGELES,LOS ANGELES,-118.265191,33.9348734
5825342,2012,2/26/2014,1942,9/3/2012,2045,39299,622,1,5,7,1942,0,0,0,F,0,7TL23,LAUREL CANYON BL,KIRKWOOD DR,310,N,N,A,-,N,,,,,,,,,,Y,4,0,1,5,A,-,1,23152,A,N,C,E,E,A,H,-,C,D,0,Y,,,,Y,Y,A,1,0,0,1,0,1,0,0,0,0,- ,- ,,,LOS ANGELES,LOS ANGELES,-118.3702344,34.10951891
5826493,2012,12/16/2013,1942,10/25/2012,1430,37332,319,4,5,7,1942,0,0,0,C,0,50W,23RD ST,FIGUEROA ST,0,,Y,A,-,N,,,,,,,,,,N,4,0,1,2,A,-,10,21950,A,N,G,B,B,A,H,-,A,A,0,Y,,,,Y,,I,19,0,0,1,0,1,0,0,0,0,- ,- ,,,LOS ANGELES,LOS ANGELES,-118.2743823,34.03078491
5826592,2012,10/26/2013,1975,7/26/2012,1418,288,,4,5,6,1975,0,0,0,,0,2,AZUSA AV,ROWLAND AV,0,,Y,A,-,N,,,,,,,,,,N,2,0,1,2,A,-,9,21453,B,N,G,B,B,A,H,-,A,A,0,Y,,,,Y,,-,- ,1,0,0,0,1,0,0,0,0,- ,- ,,,LOS ANGELES,WEST COVINA,-117.9077722,34.07909493
5826624,2012,10/26/2013,1942,7/25/2012,2315,39695,636,3,5,7,1942,0,0,0,,0,6T7,HOLLYWOOD BL,CHEROKEE AV,45,E,N,A,-,N,,,,,,,,,,N,4,0,1,2,A,-,11,21954,A,N,G,B,E,A,H,-,C,D,0,Y,,,,Y,,N,60,0,0,1,0,1,0,0,0,0,- ,- ,,,LOS ANGELES,LOS ANGELES,-118.334894,34.10157035
5826628,2012,11/1/2013,1942,7/24/2012,835,37623,644,2,5,7,1942,0,0,0,,0,8TL35,SUNSET BL,POINSETTIA PL,20,E,N,A,-,N,,,,,,,,,,Y,4,0,4,4,A,-,7,21658,A,N,B,B,B,A,H,-,A,D,0,Y,,,,Y,,A,1,0,0,4,0,2,0,0,0,0,- ,- ,,,LOS ANGELES,LOS ANGELES,-118.3483063,34.09799345
5826687,2012,10/26/2013,1942,7/2/2012,1430,36016,1479,1,5,7,1942,0,0,0,N,0,14A25,OSAGE AV,77TH ST,44,N,N,A,-,N,,,,,,,,,,N,3,0,1,2,D,-,0,,,N,G,B,F,A,H,-,A,D,0,Y,,,,Y,,-,- ,0,1,0,0,1,0,0,0,0,- ,- ,,,LOS ANGELES,LOS ANGELES,-118.3787007,33.96867552
5826696,2012,10/25/2013,1942,7/24/2012,1255,26699,1409,2,5,7,1942,0,0,0,N,0,34MQ7,VENICE BL,ROBERTSON BL,160,E,N,A,-,N,,,,,,,,,,N,3,0,1,2,A,-,11,21954,A,N,G,B,D,A,H,-,A,D,0,Y,,,,Y,,N,60,0,1,0,0,1,0,0,0,0,- ,- ,,,LOS ANGELES,LOS ANGELES,-118.3899408,34.02854464
5826932,2012,2/11/2014,1900,7/19/2012,2050,473010,1519,4,5,5,1954,0,0,0,,0,151T3/,TERRADELL ST,ORANGE AV,50,W,N,A,-,N,,,,,,,,,,N,4,0,1,2,A,-,11,21954,A,N,G,B,E,A,H,-,C,D,0,Y,,,,Y,,N,60,0,0,1,0,1,0,0,0,0,- ,- ,,,LOS ANGELES,PICO RIVERA,-118.095647,33.958904
5827012,2012,7/31/2013,9530,3/14/2012,1415,15235,,3,2,9,1900,0,3,5,,2,2,EL SEGUNDO BL,SAN PEDRO ST,21,W,N,A,-,N,,,,,,,,,,N,3,0,1,2,A,-,11,21954,A,N,G,B,D,A,H,-,A,A,0,Y,,,,Y,,N,60,0,1,0,0,1,0,0,0,0,- ,- ,33.91656,-118.26978,LOS ANGELES,UNINCORPORATED,-118.2696213,33.91644484
5827223,2012,12/12/2013,1942,9/6/2012,920,38897,763,4,5,7,1942,0,0,0,G,0,20TL59,PICO BL,HAYWORTH AV,3,E,N,A,-,N,,,,,,,,,,N,2,0,1,2,A,-,10,21950,A,N,G,B,B,A,H,-,A,D,0,Y,,,,Y,,A,1,1,0,0,0,1,0,0,0,0,- ,- ,,,LOS ANGELES,LOS ANGELES,-118.3679326,34.05172301
5827244,2012,12/12/2013,1948,9/9/2012,1615,441,1942,7,5,5,1948,0,0,0,,0,3,NEWMARK AV,CHANDLER AV,100,W,N,A,-,N,,,,,,,,,,N,3,0,1,2,A,-,3,22350,,N,G,B,E,A,H,-,A,D,0,Y,,,,Y,,-,- ,0,1,0,0,1,0,0,0,0,- ,- ,,,LOS ANGELES,MONTEREY PARK,-118.1323916,34.05980486
5827335,2012,12/5/2013,1942,9/3/2012,2115,35724,1129,1,5,7,1942,0,0,0,K,0,11A37,YORK BL,AVE 64,100,E,N,A,-,N,,,,,,,,,,N,3,0,1,2,A,-,21,22106,,F,G,B,F,A,H,-,C,D,0,Y,,,,Y,,-,- ,0,1,0,0,1,0,0,0,0,- ,- ,,,LOS ANGELES,LOS ANGELES,-118.1811578,34.1142996
5827339,2012,12/5/2013,1942,9/5/2012,1550,39889,1371,3,5,7,1942,0,0,0,M,0,11TL32,BROADWAY,54TH ST,9,S,N,B,-,N,,,,,,,,,,N,3,0,2,3,A,-,10,21950,A,N,G,B,B,A,H,-,A,A,0,Y,,,,Y,,A,1,0,2,0,0,2,0,0,0,0,- ,- ,,,LOS ANGELES,LOS ANGELES,-118.2783319,33.99328017
5827344,2012,12/5/2013,1942,9/5/2012,1030,33452,455,3,5,7,1942,0,0,0,D,0,4TL43,CESAR E CHAVEZ AV,SOTO ST,70,W,N,F,-,N,,,,,,,,,,N,2,0,1,2,A,-,21,22106,,N,G,B,F,A,H,-,A,D,0,Y,,,,Y,,A,7,1,0,0,0,1,0,0,0,0,- ,- ,,,LOS ANGELES,LOS ANGELES,-118.2080054,34.04688558
5827413,2012,12/3/2013,1942,9/2/2012,2220,36182,1245,7,5,7,1942,0,0,0,L,0,12A49,FLORENCE AV,BUDLONG,5,E,N,A,-,N,,,,,,,,,,N,3,0,1,2,A,-,11,21950,B,N,B,B,B,A,H,-,C,A,0,Y,,,,Y,,N,60,0,1,0,0,1,0,0,0,0,- ,- ,,,LOS ANGELES,LOS ANGELES,-118.2961857,33.97459484
5827425,2012,12/3/2013,1942,9/1/2012,315,38057,1256,6,5,7,1942,0,0,0,L,0,12A45,FLORENCE AV,VERMONT AV,75,E,N,A,-,N,,,,,,,,,,N,4,0,1,2,A,-,11,21954,A,N,G,B,D,A,H,-,C,D,0,Y,,,,Y,,N,60,0,0,1,0,1,0,0,0,0,- ,- ,,,LOS ANGELES,LOS ANGELES,-118.2915453,33.97462484
5827450,2012,4/14/2014,1956,9/7/2012,1218,1177,31,5,5,5,1956,0,0,0,,0,6L31,AMETHYST ST,HARKNESS,407,E,N,A,-,N,,,,,,,,,,N,4,0,1,2,A,-,21,22106,,M,G,B,E,A,H,-,A,D,0,Y,,,,Y,,A,1,0,0,1,0,1,0,0,0,0,- ,- ,,,LOS ANGELES,REDONDO BEACH,-118.3792835,33.85586827
5827461,2012,12/6/2013,1942,9/3/2012,1720,37611,422,1,5,7,1942,0,0,0,D,0,1TL24,MAIN ST,HANCOCK ST,4,W,N,A,-,N,,,,,,,,,,N,4,0,1,2,A,-,- ,,,F,G,B,B,A,H,-,A,D,0,Y,,,,Y,,-,99,0,0,1,0,1,0,0,0,0,- ,- ,,,LOS ANGELES,LOS ANGELES,-118.2089454,34.06602486
5827472,2012,12/5/2013,9545,9/2/2012,2200,19006,,7,3,9,1900,0,3,5,,2,4,90TH ST EAST,AVENUE R-8,75,S,N,A,-,N,,,,,,,,,,N,3,0,1,2,A,-,11,21956,,F,G,B,E,A,H,-,D,D,0,Y,,,,Y,,N,60,0,1,0,0,1,0,0,0,0,- ,- ,34.56487,-117.96966,LOS ANGELES,UNINCORPORATED,-117.9696578,34.56486935
5827474,2012,12/5/2013,1928,9/2/2012,2356,364,509,7,5,5,1928,0,0,0,,0,2,EL SEGUNDO BL,PRAIRIE AV,14,E,N,A,-,N,,,,,,,,,,N,2,0,1,2,A,-,10,21950,A,F,G,B,B,A,H,-,C,A,0,Y,,,,Y,,A,1,1,0,0,0,1,0,0,0,0,- ,- ,,,LOS ANGELES,HAWTHORNE,-118.3437961,33.91645484
5827478,2012,12/5/2013,1928,9/8/2012,817,342,520,6,5,5,1928,0,0,0,,0,503,DOTY AV,ROSECRANS AV,0,,Y,A,-,N,,,,,,,,,,N,4,0,1,2,A,-,10,21950,A,N,G,B,B,A,H,-,A,A,0,Y,,,,Y,,A,8,0,0,1,0,1,0,0,0,0,- ,- ,,,LOS ANGELES,HAWTHORNE,-118.3394622,33.90191494
5827485,2012,12/6/2013,1942,9/4/2012,710,40325,162,2,5,7,1942,0,0,0,A,0,11TL21,GRAND AV,8TH ST,18,N,N,A,-,N,,,,,,,,,,N,4,0,1,2,A,-,10,21950,A,N,G,B,B,A,H,-,A,A,0,Y,,,,Y,,A,1,0,0,1,0,1,0,0,0,0,- ,- ,,,LOS ANGELES,LOS ANGELES,-118.2901522,33.73700419
5827555,2012,12/6/2013,1942,9/9/2012,1920,40840,1527,7,5,7,1942,0,0,0,O,0,15A33,ERWIN ST,VINELAND AV,500,W,N,A,-,N,,,,,,,,,,N,3,0,1,2,D,-,0,,,N,G,B,C,A,H,-,A,D,0,Y,,,,Y,,-,- ,0,1,0,0,1,0,0,0,0,- ,- ,,,LOS ANGELES,LOS ANGELES,-118.3720023,34.18304739
5827583,2012,12/6/2013,1942,9/7/2012,2010,38314,1526,5,5,7,1942,0,0,0,O,0,17T17,LANKERSHIM BL,OXNARD ST,0,,Y,A,-,N,,,,,,,,,,Y,3,0,4,3,A,-,9,21801,A,N,A,B,F,A,H,-,C,A,0,Y,,,,Y,,A,1,0,2,2,0,1,0,0,0,0,- ,- ,,,LOS ANGELES,LOS ANGELES,-118.3834323,34.17941495
5827595,2012,12/5/2013,1942,9/8/2012,805,31652,1623,6,5,7,1942,0,0,0,P,0,16T23,GLENOAKS BL,VAN NUYS BL,0,,Y,A,-,N,,,,,,,,,,N,4,0,1,2,A,-,11,21456,B,N,G,B,B,A,H,-,A,A,0,Y,,,,Y,,N,60,0,0,1,0,1,0,0,0,0,- ,- ,,,LOS ANGELES,LOS ANGELES,-118.4117023,34.27365497
5828744,2012,7/31/2013,9530,3/16/2012,1310,19901,,5,1,9,1900,0,3,5,,2,1,90TH ST EAST,ZAMORA AV,655,E,N,A,-,N,,,,,,,,,,N,3,0,1,2,B,-,22,,,N,E,I,F,A,H,-,A,D,0,Y,,,,Y,,E,22,0,1,0,0,1,0,0,0,0,- ,- ,33.95536,-118.24952,LOS ANGELES,UNINCORPORATED,-118.2494266,33.95526486
5828763,2012,8/15/2013,9530,4/15/2012,1250,19980,,7,1,9,1900,0,3,5,,2,7,2ND ST,MEYLER ST,125,W,N,A,-,N,,,,,,,,,,N,2,0,1,2,A,-,11,21954,A,N,G,B,D,A,H,-,A,D,0,Y,,,,Y,,N,60,1,0,0,0,1,0,0,0,0,- ,- ,33.74239,-118.29701,LOS ANGELES,UNINCORPORATED,-118.2971524,33.74241337
5828883,2012,12/9/2013,1900,9/14/2012,1055,3657,1617,5,5,5,1977,0,0,0,,0,167,MONETA AV,220TH ST,281,W,N,A,-,N,,,,,,,,,,N,4,0,1,2,A,-,9,21804,A,N,G,B,E,A,H,-,A,D,0,Y,,,,Y,,A,1,0,0,1,0,1,0,0,0,0,- ,- ,,,LOS ANGELES,CARSON,-118.282586,33.828032
5828965,2012,12/6/2013,1942,9/2/2012,1900,39991,12,7,5,7,1942,0,0,0,L,0,12T73,62ND ST,RAYMOND AV,0,E,N,A,-,N,,,,,,,,,,N,4,0,1,2,A,-,11,21955,,N,D,B,E,A,H,-,A,D,0,Y,,,,Y,,N,60,0,0,1,0,1,0,0,0,0,- ,- ,,,LOS ANGELES,LOS ANGELES,-118.2980623,33.98324489
5828968,2012,12/4/2013,9590,9/4/2012,2039,18809,,2,2,7,1942,0,1,1,,2,50,RT 110,37TH ST,0,S,N,A,-,Y,LA,7,110,-,-,19.82,H,-,N,N,3,0,1,2,A,-,11,21461,5,N,G,B,E,A,H,-,C,D,1,Y,,,,Y,Y,N,60,0,1,0,0,1,0,0,0,0,- ,- ,34.01565,-118.28034,LOS ANGELES,LOS ANGELES,-118.2806587,34.01450372
5828985,2012,12/6/2013,1965,9/14/2012,849,37641,4122,5,5,5,1965,0,0,0,,0,A005,MONTANA AV,14TH ST,15,E,N,A,-,N,,,,,,,,,,N,3,0,1,2,A,-,10,21950,A,N,G,B,B,A,H,-,A,A,0,Y,,,,Y,,A,1,0,1,0,0,1,0,0,0,0,- ,- ,,,LOS ANGELES,SANTA MONICA,-118.4951664,34.03222319
5828999,2012,12/10/2013,1900,9/7/2012,1515,484623,1134,5,5,6,1992,0,0,0,,0,112T1,AVENUE K 4,8TH ST EAST,344,W,N,A,-,N,,,,,,,,,,N,4,0,1,2,A,-,11,21954,A,M,G,B,D,A,H,-,A,D,0,Y,,,,Y,,N,60,0,0,1,0,1,0,0,0,0,- ,- ,,,LOS ANGELES,LANCASTER,-118.1154138,34.67135742
5829035,2012,12/4/2013,1942,9/2/2012,1640,33294,1543,7,5,7,1942,0,0,0,O,0,35M86,BURBANK BL,LAUREL CANYON BL,0,,Y,A,-,N,,,,,,,,,,N,4,0,1,2,A,-,10,21950,A,N,G,B,B,A,H,-,A,A,0,Y,,,,Y,,A,1,0,0,1,0,1,0,0,0,0,- ,- ,,,LOS ANGELES,LOS ANGELES,-118.3965323,34.17212494
5829036,2012,12/4/2013,1955,9/13/2012,1214,40624,4,4,5,6,1955,0,0,0,,0,5,MISISON BL,MAIN ST,0,,Y,A,-,N,,,,,,,,,,N,3,0,1,2,A,-,10,21950,A,N,G,B,B,A,H,-,A,A,0,Y,,,,Y,,A,7,0,1,0,0,1,0,0,0,0,- ,- ,,,LOS ANGELES,POMONA,-117.7522621,34.05509497
5829074,2012,12/7/2013,1900,9/16/2012,1950,281365,1624,7,5,5,1977,0,0,0,,0,167T1,AVALON BL,SCOTTDALE AV,18,S,N,A,-,N,,,,,,,,,,N,4,0,1,2,A,-,10,21950,A,N,G,B,B,A,H,-,C,A,0,Y,,,,Y,,A,1,0,0,1,0,1,0,0,0,0,- ,- ,,,LOS ANGELES,CARSON,-118.2640346,33.8126755
5829078,2012,12/7/2013,1900,9/15/2012,2115,281365,1618,6,5,5,1977,0,0,0,,0,167T1,213TH ST,MAIN ST,10,E,N,A,-,N,,,,,,,,,,N,4,0,1,2,A,-,10,21950,A,N,G,B,B,A,H,-,C,A,0,Y,,,,Y,,A,7,0,0,1,0,1,0,0,0,0,- ,- ,,,LOS ANGELES,CARSON,-118.2790393,33.83532483
5829079,2012,12/21/2013,1956,9/14/2012,1517,1195,,5,5,5,1956,0,0,0,,0,25,GATES AV,FELTON AV,0,,Y,A,-,N,,,,,,,,,,N,3,0,1,2,A,-,11,21954,A,N,G,B,D,A,H,-,A,D,0,Y,,,,Y,,-,- ,0,1,0,0,1,0,0,0,0,- ,- ,,,LOS ANGELES,REDONDO BEACH,-118.3643123,33.8784749
5829127,2012,12/4/2013,1907,9/14/2012,1530,202,1,5,5,4,1907,0,0,0,,0,,OTIS AV,WALNUT,38,N,N,A,-,N,,,,,,,,,,N,4,0,1,2,A,-,11,21954,A,N,G,B,D,A,H,-,A,D,0,Y,,,,Y,,N,60,0,0,1,0,1,0,0,0,0,- ,- ,33.9654,-118.19456,LOS ANGELES,BELL,-118.1940134,33.96990788
5829129,2012,12/7/2013,1942,9/16/2012,2355,36659,1204,7,5,7,1942,0,0,0,L,0,12T41,VERNON AV,HALLDALE AV,0,,Y,A,-,N,,,,,,,,,,N,2,0,1,2,A,-,11,21954,A,F,G,B,D,A,H,-,C,D,0,Y,,,,Y,,N,60,1,0,0,0,1,0,0,0,0,- ,- ,,,LOS ANGELES,LOS ANGELES,-118.3023722,34.00371491
5829156,2012,12/4/2013,1942,9/21/2012,1040,39341,1303,5,5,7,1942,0,0,0,M,0,13TL53,CROCKER ST,10TH ST,0,,Y,A,-,N,,,,,,,,,,N,4,0,1,2,A,-,10,21950,A,N,G,B,B,A,H,-,A,A,0,Y,,,,Y,,A,8,0,0,1,0,1,0,0,0,0,- ,- ,,,LOS ANGELES,LOS ANGELES,-118.2505122,34.03463495
5829164,2012,12/4/2013,1942,9/21/2012,755,33452,1321,5,5,7,1942,0,0,0,M,0,755,HILL ST,23RD ST,15,N,N,A,-,N,,,,,,,,,,N,3,0,1,2,A,-,10,21952,,N,G,B,B,A,H,-,A,A,0,Y,,,,Y,,A,1,0,1,0,0,1,0,0,0,0,- ,- ,,,LOS ANGELES,LOS ANGELES,-118.2690764,34.02855993
5829167,2012,1/7/2014,1942,9/23/2012,1245,39876,279,7,5,7,1942,0,0,0,B,0,2TL15,UNION AV,OLYMPIC BL,100,S,N,A,-,N,,,,,,,,,,N,4,0,1,2,A,-,11,21955,,N,G,B,D,A,H,-,A,D,0,Y,,,,Y,,A,1,0,0,1,0,1,0,0,0,0,- ,- ,,,LOS ANGELES,LOS ANGELES,-118.2743495,34.04893392
5829169,2012,12/6/2013,1942,9/9/2012,130,30634,1849,7,5,7,1942,0,0,0,R,0,,114TH ST,WILMINGTON,11,S,N,A,-,N,,,,,,,,,,N,4,0,1,2,A,-,11,21954,A,N,G,B,E,A,-,-,C,D,0,Y,,,,Y,,N,60,0,0,1,0,1,0,0,0,0,- ,- ,,,LOS ANGELES,LOS ANGELES,-118.239078,33.931449
5829175,2012,12/4/2013,1942,9/6/2012,1315,38365,202,4,5,7,1942,0,0,0,B,0,1TL11,SANTA MONICA BL,MADISON AV,12,W,N,A,-,N,,,,,,,,,,N,3,0,2,2,A,-,10,21950,A,N,G,B,B,A,H,-,A,A,0,Y,,,,Y,,A,1,0,1,1,0,1,0,0,0,0,- ,- ,,,LOS ANGELES,LOS ANGELES,-118.2893418,34.09086486
5829176,2012,12/4/2013,1942,9/13/2012,640,37505,1353,4,5,7,1942,0,0,0,M,0,13TL53,MCKINLEY AV,42ND ST,131,S,N,A,-,N,,,,,,,,,,N,4,0,1,2,A,-,3,22350,,F,D,B,E,A,H,-,A,D,0,Y,,,,Y,,-,99,0,0,1,0,1,0,0,0,0,- ,- ,,,LOS ANGELES,LOS ANGELES,-118.260899,34.007133
5829179,2012,12/4/2013,1942,9/15/2012,830,31324,281,6,5,7,1942,0,0,0,B,0,2TL15,12TH ST,ALVARADO ST,0,,Y,A,-,N,,,,,,,,,,N,4,0,1,3,A,-,- ,,,N,G,B,B,A,H,-,A,A,0,Y,,,,Y,,A,1,0,0,1,0,1,0,0,0,0,- ,- ,,,LOS ANGELES,LOS ANGELES,-118.2817323,34.04877494
5829199,2012,1/6/2014,1942,9/17/2012,1245,33977,1115,1,5,7,1942,0,0,0,K,0,13TL22,EAGLE ROCK BL,COLORADO BL,0,,Y,A,-,N,,,,,,,,,,N,4,0,1,2,A,-,11,21950,B,F,G,B,B,A,H,-,A,A,0,Y,,,,Y,,-,- ,0,0,1,0,1,0,0,0,0,- ,- ,,,LOS ANGELES,LOS ANGELES,-118.2140923,34.13910494
5829202,2012,12/21/2013,1942,9/29/2012,300,25115,,6,5,7,1942,0,0,0,,0,,ALVARADO ST,SUNSET BL,71,N,N,A,-,N,,,,,,,,,,Y,2,0,1,2,A,-,11,21954,A,N,G,B,E,A,H,-,C,D,0,Y,,,,Y,,N,60,1,0,0,0,1,0,0,0,0,- ,- ,,,LOS ANGELES,LOS ANGELES,-118.2633833,34.07778717
5829219,2012,12/2/2013,1942,9/28/2012,300,25115,216,5,5,7,1942,0,0,0,B,0,11T21,ALVARADO ST,SUNSET BL,71,N,N,A,-,N,,,,,,,,,,Y,2,0,1,2,A,-,11,21954,A,N,G,B,E,A,H,-,C,D,0,Y,,,,Y,,N,60,1,0,0,0,1,0,0,0,0,- ,- ,,,LOS ANGELES,LOS ANGELES,-118.2633833,34.07778717
5829225,2012,12/21/2013,1942,9/18/2012,1425,40941,,2,5,7,1942,0,0,0,,0,,SAN PEDRO,6TH ST,300,S,N,A,-,N,,,,,,,,,,N,4,0,1,2,A,-,11,21954,A,N,G,B,D,A,H,-,A,A,0,Y,,,,Y,,N,60,0,0,1,0,1,0,0,0,0,- ,- ,,,LOS ANGELES,LOS ANGELES,-118.2458572,34.04159027
5829227,2012,12/4/2013,1942,9/29/2012,1920,34426,291,6,5,7,1942,0,0,0,B,0,1TL24,COURTLAND AV,VENICE BL,238,N,N,A,-,N,,,,,,,,,,N,3,0,1,3,A,-,11,21954,A,F,G,B,E,A,H,-,C,D,0,Y,,,,Y,,N,60,0,1,0,0,1,0,0,0,0,- ,- ,,,LOS ANGELES,LOS ANGELES,-118.283483,34.04424068
5829237,2012,12/21/2013,1942,9/11/2012,1415,39341,,2,5,7,1942,0,0,0,,0,,SAN PEDRO ST,4TH ST,0,,Y,A,-,N,,,,,,,,,,N,4,0,1,2,A,-,10,21950,A,N,G,B,B,A,H,-,A,D,0,Y,,,,Y,,A,1,0,0,1,0,1,0,0,0,0,- ,- ,,,LOS ANGELES,LOS ANGELES,-118.2430123,34.04584489
5829240,2012,3/7/2014,1942,9/11/2012,1625,39889,1309,2,5,7,1942,0,0,0,M,0,2TL28,IMPERIAL ST,15TH ST,7,S,N,A,-,N,,,,,,,,,,N,4,0,1,2,A,-,10,21950,A,N,G,B,B,A,H,-,A,D,0,Y,,,,Y,,A,1,0,0,1,0,1,0,0,0,0,- ,- ,,,LOS ANGELES,LOS ANGELES,-118.2313933,34.02146568
5829247,2012,12/2/2013,1942,9/9/2012,1630,40042,265,7,5,7,1942,0,0,0,B,0,4TL4,8TH ST,LAKE ST,0,,Y,A,-,N,,,,,,,,,,N,3,0,1,2,A,-,10,21950,A,N,G,B,B,A,H,-,A,A,0,Y,,,,Y,,A,1,0,1,0,0,1,0,0,0,0,- ,- ,,,LOS ANGELES,LOS ANGELES,-118.2789623,34.0553649
5829249,2012,12/21/2013,1942,9/13/2012,825,39875,,4,5,7,1942,0,0,0,,0,,INGRAHAM ST,WITMER ST,12,E,N,A,-,N,,,,,,,,,,N,3,0,1,2,A,-,10,21950,A,N,G,B,B,A,H,-,A,A,0,Y,,,,Y,,A,1,0,1,0,0,1,0,0,0,0,- ,- ,,,LOS ANGELES,LOS ANGELES,-118.2671273,34.05303945
5829251,2012,12/2/2013,1942,9/9/2012,1920,36698,464,7,5,7,1942,0,0,0,D,0,11T21,CESAR E CHAVEZ,SOTO ST,0,,Y,B,-,N,,,,,,,,,,N,3,0,1,2,A,-,10,21950,A,F,G,B,B,B,H,-,B,A,0,Y,,,,Y,,-,99,0,1,0,0,1,0,0,0,0,- ,- ,,,LOS ANGELES,LOS ANGELES,-118.2078022,34.04679493
5829255,2012,12/2/2013,1942,9/3/2012,1530,31816,409,1,5,7,1942,0,0,0,,0,4TL45,ALHAMBRA RD,HUNTINGTON DR,33,E,N,A,-,N,,,,,,,,,,N,3,0,1,2,A,-,10,21950,A,N,G,B,B,A,H,-,A,A,0,Y,,,,Y,,A,1,0,1,0,0,1,0,0,0,0,- ,- ,,,LOS ANGELES,LOS ANGELES,-118.1552944,34.09857487
5829275,2012,12/2/2013,1942,9/14/2012,1530,33007,1149,5,5,7,1942,0,0,0,K,0,13TL22,MONTE VISTA ST,AVENUE 54,300,W,N,A,-,N,,,,,,,,,,N,4,0,1,2,A,-,- ,,,N,G,B,E,A,H,-,A,D,0,Y,,,,Y,,N,60,0,0,1,0,1,0,0,0,0,- ,- ,,,LOS ANGELES,LOS ANGELES,-118.1992899,34.10939102
5829378,2012,12/5/2013,1953,9/22/2012,1554,7035,1953,6,5,6,1953,0,0,0,,0,1,FAIR OAKS AV,GLENARM ST,0,,Y,B,-,N,,,,,,,,,,N,3,0,1,2,A,-,10,21950,A,N,G,B,B,A,H,-,A,A,0,Y,,,,Y,,A,7,0,1,0,0,1,0,0,0,0,- ,- ,,,LOS ANGELES,PASADENA,-118.1503322,34.12751493
5829422,2012,12/5/2013,1942,9/14/2012,1220,33599,1241,5,5,7,1942,0,0,0,L,0,3TL5,CRENSHAW BL,60TH ST,7,S,N,A,-,N,,,,,,,,,,N,4,0,1,2,A,-,10,21950,A,F,G,B,B,A,H,-,A,A,0,Y,,,,Y,,-,99,0,0,1,0,1,0,0,0,0,- ,- ,,,LOS ANGELES,LOS ANGELES,-118.3309706,33.98538569
5829434,2012,12/24/2013,1942,9/16/2012,1335,37740,1269,7,5,7,1942,0,0,0,L,0,12TL41,84TH ST,SAN PEDRO ST,100,W,N,A,-,N,,,,,,,,,,N,4,0,1,2,A,-,11,21956,A,N,G,B,D,A,H,-,A,D,0,Y,,,,Y,,N,60,0,0,1,0,1,0,0,0,0,- ,- ,,,LOS ANGELES,LOS ANGELES,-118.2698713,33.96283333
5829437,2012,12/5/2013,1953,9/12/2012,1527,8305,1953,3,5,6,1953,0,0,0,,0,3,EAST DEL MAR BL,S CHESTER AV,225,W,N,A,-,N,,,,,,,,,,N,3,0,1,2,A,-,5,21650,1,F,B,-,F,A,H,-,A,A,0,Y,Y,,,Y,,L,4,0,1,0,0,1,0,0,0,0,- ,- ,,,LOS ANGELES,PASADENA,-118.1252402,34.14093487
5829439,2012,12/3/2013,1925,9/19/2012,1744,24180,199,3,5,6,1925,0,0,0,,0,,SONORA AV,FLOWER ST,0,,Y,A,-,N,,,,,,,,,,Y,3,0,1,2,A,-,10,21950,A,N,A,B,B,A,H,-,A,A,0,Y,,,,Y,,A,1,0,1,0,0,1,0,0,0,0,- ,- ,,,LOS ANGELES,GLENDALE,-118.2914822,34.16293489