CASE_ID,ACCIDENT_YEAR,PROC_DATE,JURIS,COLLISION_DATE,COLLISION_TIME,OFFICER_ID,REPORTING_DISTRICT,DAY_OF_WEEK,CHP_SHIFT,POPULATION,CNTY_CITY_LOC,SPECIAL_COND,BEAT_TYPE,CHP_BEAT_TYPE,CITY_DIVISION_LAPD,CHP_BEAT_CLASS,BEAT_NUMBER,PRIMARY_RD,SECONDARY_RD,DISTANCE,DIRECTION,INTERSECTION,WEATHER_1,WEATHER_2,STATE_HWY_IND,CALTRANS_COUNTY,CALTRANS_DISTRICT,STATE_ROUTE,ROUTE_SUFFIX,POSTMILE_PREFIX,POSTMILE,LOCATION_TYPE,RAMP_INTERSECTION,SIDE_OF_HWY,TOW_AWAY,COLLISION_SEVERITY,NUMBER_KILLED,NUMBER_INJURED,PARTY_COUNT,PRIMARY_COLL_FACTOR,PCF_CODE_OF_VIOL,PCF_VIOL_CATEGORY,PCF_VIOLATION,PCF_VIOL_SUBSECTION,HIT_AND_RUN,TYPE_OF_COLLISION,MVIW,PED_ACTION,ROAD_SURFACE,ROAD_COND_1,ROAD_COND_2,LIGHTING,CONTROL_DEVICE,CHP_ROAD_TYPE,PEDESTRIAN_ACCIDENT,BICYCLE_ACCIDENT,MOTORCYCLE_ACCIDENT,TRUCK_ACCIDENT,NOT_PRIVATE_PROPERTY,ALCOHOL_INVOLVED,STWD_VEHTYPE_AT_FAULT,CHP_VEHTYPE_AT_FAULT,COUNT_SEVERE_INJ,COUNT_VISIBLE_INJ,COUNT_COMPLAINT_PAIN,COUNT_PED_KILLED,COUNT_PED_INJURED,COUNT_BICYCLIST_KILLED,COUNT_BICYCLIST_INJURED,COUNT_MC_KILLED,COUNT_MC_INJURED,PRIMARY_RAMP,SECONDARY_RAMP,LATITUDE,LONGITUDE,COUNTY,CITY,POINT_X,POINT_Y
5829824,2012,12/7/2013,1942,9/8/2012,2021,38394,678,6,5,7,1942,0,0,0,F,0,6T7,MELROSE AV,ARDMORE AV,7,W,N,A,-,N,,,,,,,,,,Y,4,0,1,3,A,-,1,23152,A,N,G,B,E,A,H,-,C,D,0,Y,,,,Y,Y,A,1,0,0,1,0,1,0,0,0,0,- ,- ,,,LOS ANGELES,LOS ANGELES,-118.3016953,34.08353486
5829828,2012,12/7/2013,1942,9/7/2012,300,39639,646,5,5,7,1942,0,0,0,F,0,6A45,IVAR AV,SELMA AV,0,,Y,A,-,N,,,,,,,,,,Y,4,0,1,2,A,-,1,23152,A,F,G,B,B,A,H,-,C,D,0,Y,,,,Y,Y,A,1,0,0,1,0,1,0,0,0,0,- ,- ,,,LOS ANGELES,LOS ANGELES,-118.3281723,34.09977487
5830011,2012,12/3/2013,1941,9/9/2012,927,6219,,7,5,7,1941,0,0,0,,0,,LINDEN,SHORELINE DR,0,,Y,A,-,N,,,,,,,,,,N,4,0,1,2,A,-,3,22350,,M,G,B,E,A,H,-,A,D,0,Y,,,,Y,,A,,0,0,1,0,1,0,0,0,0,- ,- ,,,LOS ANGELES,LONG BEACH,-118.1855522,33.76345491
5830012,2012,12/3/2013,1948,9/4/2012,1841,445,1948,2,5,5,1948,0,0,0,,0,3,RAMONA AV,HARDING AV,447,N,N,A,-,N,,,,,,,,,,N,4,0,1,2,A,-,21,22106,,N,G,B,F,A,H,-,B,D,0,Y,,,,Y,,-,- ,0,0,1,0,1,0,0,0,0,- ,- ,,,LOS ANGELES,MONTEREY PARK,-118.1255031,34.05779054
5830666,2012,11/9/2013,1942,8/11/2012,1640,38641,645,6,5,7,1942,0,0,0,F,0,6FB23,HOLLYWOOD BL,ORANGE DR,0,,Y,A,-,N,,,,,,,,,,N,4,0,2,3,A,-,8,22107,,N,E,I,F,A,H,-,A,A,0,Y,,,,Y,,I,10,0,0,2,0,2,0,0,0,0,- ,- ,,,LOS ANGELES,LOS ANGELES,-118.3417722,34.10154487
5830706,2012,12/19/2013,1942,10/30/2012,1820,38850,2137,2,5,7,1942,0,0,0,,0,9TL56,SATICOY ST,LURLINE AV,46,W,N,A,-,N,,,,,,,,,,N,2,0,1,2,A,-,11,21955,,N,G,B,D,A,H,-,C,A,0,Y,,,Y,Y,,N,60,1,0,0,0,1,0,0,0,0,- ,- ,,,LOS ANGELES,LOS ANGELES,-118.5842942,34.20830485
5830769,2012,1/4/2014,1942,11/4/2012,2315,38362,1974,7,5,7,1942,0,0,0,,0,19TL77,TOBIAS AV,NORDHOFF ST,16,S,N,A,-,N,,,,,,,,,,N,4,0,1,2,A,-,10,21950,A,N,G,B,B,A,H,-,D,D,0,Y,,,,Y,Y,D,22,0,0,1,0,1,0,0,0,0,- ,- ,,,LOS ANGELES,LOS ANGELES,-118.4516622,34.23536098
5830783,2012,12/18/2013,1942,10/24/2012,635,39028,514,3,5,7,1942,0,0,0,E,0,12TL41,FRIGATE AV,DENNI ST,8,S,N,A,-,N,,,,,,,,,,N,4,0,1,2,A,-,10,21950,A,F,G,B,B,A,H,-,B,A,0,Y,,,,Y,,-,99,0,0,1,0,1,0,0,0,0,- ,- ,,,LOS ANGELES,LOS ANGELES,-118.2779631,33.7841129
5830925,2012,1/8/2014,1900,11/5/2012,1340,238897,1622,1,5,5,1977,0,0,0,,0,160T,SANTA FE AV,CARSON ST,0,,Y,A,-,N,,,,,,,,,,N,3,0,1,2,A,-,10,21950,A,N,G,B,B,A,H,-,A,A,0,Y,,,Y,Y,,G,25,0,1,0,0,1,0,0,0,0,- ,- ,,,LOS ANGELES,CARSON,-118.2170822,33.83170489
5831168,2012,12/4/2013,1942,9/28/2012,1640,40753,935,5,5,7,1942,0,0,0,,0,9A23W2,BESSEMER ST,TYRONE AV,0,,Y,A,-,N,,,,,,,,,,N,4,0,1,2,A,-,12,22450,A,N,G,-,B,A,H,-,A,-,0,Y,,,,Y,,A,1,0,0,1,0,1,0,0,0,0,- ,- ,,,LOS ANGELES,LOS ANGELES,-118.4443723,34.18094493
5831180,2012,12/5/2013,1942,9/29/2012,2005,34332,929,6,5,7,1942,0,0,0,I,0,10T35,ETHEL AV,VICTORY BL,0,,Y,A,-,N,,,,,,,,,,N,4,0,1,2,A,-,10,21950,A,N,G,B,B,A,H,-,C,A,0,Y,,,,Y,,A,1,0,0,1,0,1,0,0,0,0,- ,- ,,,LOS ANGELES,LOS ANGELES,-118.4181623,34.18667487
5831187,2012,2/3/2014,1942,9/23/2012,130,38849,1716,7,5,7,1942,0,0,0,Q,0,,BARNESTON,PASO ROBLES,200,W,N,A,-,N,,,,,,,,,,N,4,0,1,5,A,-,- ,,,F,B,B,F,-,H,-,C,D,0,Y,,,,Y,,-,- ,0,0,1,0,1,0,0,0,0,- ,- ,,,LOS ANGELES,LOS ANGELES,-118.5038531,34.28564639
5831190,2012,12/12/2013,1942,9/22/2012,2100,38330,1343,6,5,7,1942,0,0,0,M,0,12A43,40TH PL,SAN PEDRO ST,198,E,N,A,-,N,,,,,,,,,,N,4,0,1,2,A,-,11,21954,A,N,G,B,E,A,H,-,C,D,0,Y,,,,Y,Y,N,60,0,0,1,0,1,0,0,0,0,- ,- ,,,LOS ANGELES,LOS ANGELES,-118.2679301,34.01020683
5831198,2012,12/11/2013,1942,9/23/2012,1800,33977,1362,7,5,7,1942,0,0,0,M,0,4TL6,51ST ST,SAN PEDRO ST,0,,Y,A,-,N,,,,,,,,,,Y,4,0,4,3,A,-,11,21956,A,N,D,B,E,A,H,-,A,A,0,Y,,,,Y,,N,60,0,0,4,0,1,0,0,0,0,- ,- ,,,LOS ANGELES,LOS ANGELES,-118.2696123,33.99654486
5831205,2012,12/7/2013,1942,9/29/2012,315,36336,1954,6,5,7,1942,0,0,0,,0,15T43,SEPULVEDA BL,SAN JOSE ST,300,S,N,A,-,N,,,,,,,,,,N,3,0,1,2,A,-,11,21954,A,N,G,B,D,A,H,-,C,D,0,Y,,,,Y,Y,N,60,0,1,0,0,1,0,0,0,0,- ,- ,,,LOS ANGELES,LOS ANGELES,-118.4673523,34.26009202
5831213,2012,12/7/2013,1942,9/28/2012,1950,38314,1982,5,5,7,1942,0,0,0,,0,17T17,COLUMBUS AV,ACRE ST,0,,Y,A,-,N,,,,,,,,,,N,3,0,1,2,A,-,10,21950,A,N,G,B,B,A,H,-,C,A,0,Y,,,,Y,,-,- ,0,1,0,0,1,0,0,0,0,- ,- ,,,LOS ANGELES,LOS ANGELES,-118.4655923,34.22995487
5831226,2012,12/7/2013,1942,9/30/2012,1740,40930,1512,7,5,7,1942,0,0,0,O,0,15X2,VANOWEN ST,GOODLAND AV,0,,Y,A,-,N,,,,,,,,,,N,4,0,1,2,B,-,22,,,N,G,B,B,A,H,-,B,D,0,Y,,,,Y,,A,1,0,0,1,0,1,0,0,0,0,- ,- ,,,LOS ANGELES,LOS ANGELES,-118.4119123,34.19395492
5831245,2012,12/7/2013,1942,9/26/2012,1345,38759,1994,3,5,7,1942,0,0,0,,0,19X64,BLYTHE ST,BRIMFIELD AV,0,,Y,A,-,N,,,,,,,,,,N,4,0,1,2,A,-,10,21950,A,N,G,B,E,A,H,-,A,D,0,Y,,,,Y,,A,1,0,0,1,0,1,0,0,0,0,- ,- ,,,LOS ANGELES,LOS ANGELES,-118.4574123,34.21539492
5831254,2012,12/7/2013,1942,9/19/2012,1540,39889,1183,3,5,7,1942,0,0,0,K,0,2TL28,GLENDALE BL,BRANDON AV,7,N,N,A,-,N,,,,,,,,,,N,3,0,1,2,A,-,10,21950,A,N,G,B,B,A,H,-,A,A,0,Y,,,,Y,,-,- ,0,1,0,0,1,0,0,0,0,- ,- ,,,LOS ANGELES,LOS ANGELES,-118.2596386,34.08791382
5831481,2012,12/24/2013,9580,10/20/2012,1025,19033,,6,1,9,1900,0,1,3,,1,271,RT 27,OAKWOOD DR,982,N,N,B,C,Y,LA,7,27,-,-,6.39,H,-,N,Y,2,0,1,3,A,-,3,22350,,N,G,B,F,B,H,-,A,D,0,Y,,,,Y,,A,1,1,0,0,0,1,0,0,0,0,- ,- ,34.08411,-118.59949,LOS ANGELES,UNINCORPORATED,-118.5918158,34.1115571
5831675,2012,12/24/2013,9540,10/31/2012,305,18975,,3,3,9,1900,0,1,3,,1,144,RT 14,SAND CANYON RD,528,S,N,A,-,Y,LA,7,14,-,-,33.14,H,-,N,Y,3,0,4,4,A,-,3,22350,,N,C,C,E,A,H,-,C,D,1,Y,,,,Y,,A,8,0,2,2,0,2,0,0,0,0,- ,- ,34.42367,-118.42591,LOS ANGELES,UNINCORPORATED,-118.4291525,34.42256535
5831823,2012,12/14/2013,1955,9/21/2012,915,40624,73,5,5,6,1955,0,0,0,,0,5,VILLAGE LOOP RD,PHILLIPS RANCH RD,0,,Y,A,-,N,,,,,,,,,,N,4,0,1,2,A,-,10,21950,A,N,G,B,B,A,H,-,A,A,0,Y,,,,Y,,A,7,0,0,1,0,1,0,0,0,0,- ,- ,,,LOS ANGELES,POMONA,-117.7723222,34.02886493
5832157,2012,12/10/2013,1900,9/6/2012,2220,536339,972,4,5,4,1979,0,0,0,,0,93T2,MELROSE AV,ALMONT DR,108,W,N,A,-,N,,,,,,,,,,N,3,0,1,2,A,-,11,21954,A,F,B,B,E,A,H,-,A,D,0,Y,,,,Y,Y,N,60,0,1,0,0,1,0,0,0,0,- ,- ,,,LOS ANGELES,WEST HOLLYWOOD,-118.3880982,34.08078222
5832364,2012,12/11/2013,1948,9/25/2012,1607,383,1948,2,5,5,1948,0,0,0,,0,2,AVONDALE AV,YNEZ AV,0,,Y,A,-,N,,,,,,,,,,N,3,0,1,2,A,-,8,22107,,N,G,B,D,A,H,-,A,D,0,Y,,,,Y,,-,- ,0,1,0,0,1,0,0,0,0,- ,- ,,,LOS ANGELES,MONTEREY PARK,-118.1291822,34.06368492
5832382,2012,12/10/2013,1942,9/13/2012,1940,34078,952,4,5,7,1942,0,0,0,I,0,9X24,SEPULVEDA BL,HATTERAS ST,10,S,N,A,-,N,,,,,,,,,,N,4,0,1,2,A,-,10,21950,A,N,G,B,B,A,H,-,C,A,0,Y,,,,Y,,A,1,0,0,1,0,1,0,0,0,0,- ,- ,,,LOS ANGELES,LOS ANGELES,-118.4661921,34.17570743
5832386,2012,12/7/2013,1942,9/20/2012,1545,27792,2126,4,5,7,1942,0,0,0,,0,10T35W,ROSCOE BL,DEERING AV,180,E,N,A,-,N,,,,,,,,,,Y,2,0,1,2,A,-,11,21955,,N,G,B,D,A,H,-,A,D,0,Y,,,,Y,Y,N,60,1,0,0,0,1,0,0,0,0,- ,- ,,,LOS ANGELES,LOS ANGELES,-118.5944879,34.21983258
5832497,2012,12/4/2013,1912,9/29/2012,840,9463,,6,5,6,1912,0,0,0,,0,,LAKE ST,ALAMEDA AV,0,,Y,A,-,N,,,,,,,,,,N,3,0,2,3,A,-,10,21950,A,N,G,B,B,A,H,-,A,A,0,Y,,,,Y,,-,- ,0,1,1,0,2,0,0,0,0,- ,- ,34.16907,-118.30547,LOS ANGELES,BURBANK,-118.3054923,34.1690949
5832499,2012,12/4/2013,1912,9/27/2012,2004,11832,,4,5,6,1912,0,0,0,,0,,CLARKE AVE,GRIFFITH PARK DR,19,W,N,A,-,N,,,,,,,,,,N,3,0,1,2,A,-,10,21950,A,N,G,B,B,A,H,-,C,A,0,Y,,,,Y,,A,7,0,1,0,0,1,0,0,0,0,- ,- ,34.32188,-118.32188,LOS ANGELES,BURBANK,-118.3220102,34.17227514
5832531,2012,12/7/2013,1942,9/13/2012,1525,36618,966,4,5,7,1942,0,0,0,I,0,97L52,SUNNYSLOPE AV,OTSEGO ST,82,N,N,A,-,N,,,,,,,,,,N,4,0,1,2,A,-,11,21956,A,N,G,B,E,A,H,-,A,A,0,Y,,,,Y,,N,60,0,0,1,0,1,0,0,0,0,- ,- ,,,LOS ANGELES,LOS ANGELES,-118.4268834,34.16322977
5832533,2012,12/7/2013,1942,9/8/2012,1815,34971,929,6,5,7,1942,0,0,0,I,0,19TL76,KITTRIDGE ST,WOODMAN AV,0,,Y,A,-,N,,,,,,,,,,N,3,0,1,2,A,-,10,21950,A,N,G,B,B,A,H,-,B,A,0,Y,,,,Y,,A,7,0,1,0,0,1,0,0,0,0,- ,- ,,,LOS ANGELES,LOS ANGELES,-118.4312824,34.19029488
5833111,2012,12/31/2013,1941,11/5/2012,749,5572,,1,5,7,1941,0,0,0,,0,10,CORONA AV,2ND ST,250,S,N,A,-,N,,,,,,,,,,N,3,0,1,2,A,-,11,21954,A,N,G,B,E,A,H,-,A,D,0,Y,,,,Y,,N,60,0,1,0,0,1,0,0,0,0,- ,- ,,,LOS ANGELES,LONG BEACH,-118.1349735,33.75945225
5833134,2012,12/31/2013,1942,11/4/2012,1900,33260,499,7,5,7,1942,0,0,0,D,0,4T43,INDIANA ST,BESWICK ST,57,S,N,A,-,N,,,,,,,,,,N,2,0,2,3,A,-,11,21953,,N,G,B,D,A,H,-,C,D,0,Y,,,,Y,,D,22,1,0,1,0,2,0,0,0,0,- ,- ,,,LOS ANGELES,LOS ANGELES,-118.1922904,34.01962855
5833765,2012,4/10/2014,1900,10/6/2012,2035,512432,2823,6,5,5,1915,0,0,0,,0,283T1,SANTA FE AV,PINE ST,0,,Y,A,-,N,,,,,,,,,,Y,4,0,1,2,A,-,10,21950,A,N,G,B,B,A,H,-,C,A,0,Y,,,,Y,,A,1,0,0,1,0,1,0,0,0,0,- ,- ,,,LOS ANGELES,COMPTON,-118.2167022,33.91144491
5833774,2012,4/17/2014,1942,10/21/2012,2220,35756,156,7,5,7,1942,0,0,0,A,0,1A61,7TH ST,W SAN PEDRO ST,79,W,N,A,-,N,,,,,,,,,,Y,2,0,1,2,A,-,1,23152,A,N,G,B,C,A,H,-,C,-,0,Y,,,,Y,Y,A,8,1,0,0,0,1,0,0,0,0,- ,- ,,,LOS ANGELES,LOS ANGELES,-118.246984,34.0408416
5833793,2012,4/10/2014,1942,10/16/2012,715,39341,1347,2,5,7,1942,0,0,0,M,0,13TL53,41ST ST,MORGAN AV,0,,Y,A,-,N,,,,,,,,,,N,3,0,1,2,A,-,10,21950,A,N,G,B,B,A,H,-,A,D,0,Y,,,,Y,,A,1,0,1,0,0,1,0,0,0,0,- ,- ,,,LOS ANGELES,LOS ANGELES,-118.2455122,34.00837492
5833798,2012,4/10/2014,1942,10/18/2012,810,33452,1195,4,5,7,1942,0,0,0,K,0,11TL21,STADIUM WY,CURTIS ST,9,N,N,-,-,N,,,,,,,,,,Y,2,0,3,3,A,-,3,22350,,N,G,B,E,A,G,-,A,D,0,Y,,,,Y,,A,1,1,0,2,0,1,0,0,0,0,- ,- ,,,LOS ANGELES,LOS ANGELES,-118.2380822,34.06881811
5833801,2012,4/10/2014,1942,10/20/2012,1030,30380,1133,6,5,7,1942,0,0,0,K,0,13TL53,N FLETCHER DR,W PERLITA AV,142,N,N,B,-,N,,,,,,,,,,Y,2,0,1,2,A,-,11,21955,,N,G,B,D,A,H,-,A,A,0,Y,,,,Y,Y,N,60,1,0,0,0,1,0,0,0,0,- ,- ,,,LOS ANGELES,LOS ANGELES,-118.2495462,34.11197433
5833806,2012,4/10/2014,1942,10/12/2012,1610,37952,1171,5,5,7,1942,0,0,0,K,0,4T4,HYPERION AV,FOUNTAIN AV,4,S,N,B,-,N,,,,,,,,,,N,4,0,1,2,A,-,11,21950,B,N,G,B,B,A,H,-,A,A,0,Y,,,,Y,,N,60,0,0,1,0,1,0,0,0,0,- ,- ,,,LOS ANGELES,LOS ANGELES,-118.2772381,34.09576505
5833813,2012,4/21/2014,1942,10/23/2012,2115,36698,261,2,5,7,1942,0,0,0,B,0,1T11W3,7TH ST,CORANADO ST,10,E,N,A,-,N,,,,,,,,,,N,4,0,1,2,A,-,- ,,,M,G,B,B,A,H,-,C,A,0,Y,,,,Y,,-,- ,0,0,1,0,1,0,0,0,0,- ,- ,,,LOS ANGELES,LOS ANGELES,-118.2824134,34.05896149
5833830,2012,4/10/2014,1942,10/10/2012,2030,38475,1101,3,5,7,1942,0,0,0,K,0,,VERMONT AV,ABERDEEN DR,500,N,N,A,-,N,,,,,,,,,,N,3,0,1,2,A,-,21,22106,,N,G,B,E,A,H,-,D,A,0,Y,,,,Y,,A,1,0,1,0,0,1,0,0,0,0,- ,- ,,,LOS ANGELES,LOS ANGELES,-118.292256,34.11776917
5833980,2012,12/17/2013,1928,10/27/2012,2211,334,535,6,5,5,1928,0,0,0,,0,504,EL SEGUNDO BL,ISIS AV,9,E,N,A,-,N,,,,,,,,,,Y,4,0,1,2,A,-,11,21456,B,N,A,B,B,A,H,-,C,A,0,Y,,,,Y,,N,60,0,0,1,0,1,0,0,0,0,- ,- ,,,LOS ANGELES,HAWTHORNE,-118.3743226,33.91634483
5833983,2012,12/17/2013,1965,10/25/2012,1705,3112,07D1,4,5,5,1965,0,0,0,,0,7,PEARL ST,17TH ST,0,,Y,A,-,N,,,,,,,,,,N,4,0,1,2,A,-,8,22100,B,N,G,B,D,A,H,-,A,D,0,Y,,,,Y,,N,60,0,0,1,0,1,0,0,0,0,- ,- ,,,LOS ANGELES,SANTA MONICA,-118.4697323,34.01527493
5834014,2012,12/16/2013,1925,10/26/2012,2148,21055,231,5,5,6,1925,0,0,0,,0,4,E DORAN ST,N JACKSON ST,9,E,N,A,-,N,,,,,,,,,,N,2,0,1,2,A,-,10,21950,A,F,G,B,B,A,H,-,C,A,0,Y,,,,Y,,-,- ,1,0,0,0,1,0,0,0,0,- ,- ,,,LOS ANGELES,GLENDALE,-118.2502125,34.15471487
5834023,2012,12/23/2013,1965,10/23/2012,917,2539,,2,5,5,1965,0,0,0,,0,7.00E+02,PICO BL,28TH ST,4,E,N,A,-,N,,,,,,,,,,N,4,0,1,2,A,-,10,21950,A,N,G,C,B,A,H,-,A,A,0,Y,,,,Y,,A,1,0,0,1,0,1,0,0,0,0,- ,- ,,,LOS ANGELES,SANTA MONICA,-118.4605611,34.02430067
5834027,2012,12/24/2013,1965,10/27/2012,1338,3693,07B1,6,5,5,1965,0,0,0,,0,A007,OCEAN PARK BL,11TH ST,0,,Y,-,-,N,,,,,,,,,,N,3,0,1,2,A,-,11,21453,D,N,-,-,-,-,-,-,-,-,0,Y,,,,Y,,N,60,0,1,0,0,1,0,0,0,0,- ,- ,,,LOS ANGELES,SANTA MONICA,-118.4737923,34.00840488
5834034,2012,3/4/2014,1925,10/22/2012,1055,19649,257,1,5,6,1925,0,0,0,,0,2,GALLERIA WY,BROADWAY,100,S,N,B,-,N,,,,,,,,,,N,4,0,1,2,B,-,22,,,F,A,B,C,A,H,-,A,D,0,Y,,,,Y,,A,,0,0,1,0,1,0,0,0,0,- ,- ,,,LOS ANGELES,GLENDALE,-118.259217,34.146552
5834065,2012,12/16/2013,1925,10/28/2012,1308,20161,222,7,5,6,1925,0,0,0,,0,2,CENTRAL AV,DORAN ST,0,,Y,A,-,N,,,,,,,,,,N,3,0,1,2,A,-,11,21456,B,N,G,B,B,A,H,-,A,A,0,Y,,,,Y,,N,60,0,1,0,0,1,0,0,0,0,- ,- ,,,LOS ANGELES,GLENDALE,-118.2579722,34.15461497
5834069,2012,12/16/2013,1925,10/26/2012,1522,21055,218,5,5,6,1925,0,0,0,,0,2,N PACIFIC AV,W CALIFORNIA AV,10,N,N,A,-,N,,,,,,,,,,N,4,0,1,2,A,-,10,21950,A,N,G,B,B,A,H,-,A,A,0,Y,,,,Y,,-,- ,0,0,1,0,1,0,0,0,0,- ,- ,,,LOS ANGELES,GLENDALE,-118.2645428,34.14983229
5834074,2012,12/16/2013,1965,10/20/2012,2345,3017,16F1,6,5,5,1965,0,0,0,,0,0A3,ARIZONA AV,3RD ST PROMENADE,0,E,N,-,-,N,,,,,,,,,,N,4,0,1,3,A,-,21,22106,,N,C,E,E,-,-,-,-,D,0,Y,,,,Y,,A,7,0,0,1,0,1,0,0,0,0,- ,- ,,,LOS ANGELES,SANTA MONICA,-118.4976923,34.01697488
5834140,2012,12/5/2013,1912,9/7/2012,2040,12190,,5,5,6,1912,0,0,0,,0,,RIVERSIDE DR,ROSE ST,0,,Y,A,-,N,,,,,,,,,,N,3,0,1,2,A,-,11,21456,B,N,G,B,B,A,H,-,C,A,0,Y,,,,Y,Y,N,60,0,1,0,0,1,0,0,0,0,- ,- ,34.15226,-118.34655,LOS ANGELES,BURBANK,-118.3464823,34.15219487
5834664,2012,12/26/2013,1900,10/24/2012,635,475342,2826,3,5,5,1915,0,0,0,,0,282T1,COMPTON BL,HOLLY AV,8,W,N,A,-,N,,,,,,,,,,N,3,0,1,2,A,-,10,21950,A,F,G,B,B,A,H,-,C,D,0,Y,,,,Y,,-,99,0,1,0,0,1,0,0,0,0,- ,- ,,,LOS ANGELES,COMPTON,-118.2016585,33.89605484
5834668,2012,12/26/2013,1900,10/21/2012,1530,484746,,7,5,5,1915,0,0,0,,0,283T3,LONG BEACH BL,PINE ST,0,,Y,A,-,N,,,,,,,,,,Y,4,0,1,2,A,-,1,23152,A,N,G,B,B,A,H,-,A,A,0,Y,,,,Y,Y,A,1,0,0,1,0,1,0,0,0,0,- ,- ,,,LOS ANGELES,COMPTON,-118.2089223,33.91020492
5834742,2012,12/30/2013,1931,10/1/2012,705,5636,1931,1,5,5,1931,0,0,0,,0,1,CLARENDON AV,ALBANY ST,0,,Y,A,-,,,,,,,,,,,Y,4,0,1,2,A,-,10,21950,A,F,G,B,B,A,H,-,A,D,0,Y,,,,Y,,A,1,0,0,1,0,1,0,0,0,0,- ,- ,,,LOS ANGELES,HUNTINGTON PARK,-118.2326222,33.98358496
5834795,2012,12/26/2013,1925,10/9/2012,1940,24250,,2,5,6,1925,0,0,0,,0,2,BROADWAY,BRAND BL,6,W,N,A,-,N,,,,,,,,,,N,3,0,1,2,A,-,10,21950,A,M,G,B,B,A,H,-,C,A,0,Y,,,,Y,,-,- ,0,1,0,0,1,0,0,0,0,- ,- ,,,LOS ANGELES,GLENDALE,-118.255122,34.1462838
5834796,2012,12/26/2013,1942,10/9/2012,2240,40063,467,2,5,7,1942,0,0,0,D,0,1TL11,EAST 4TH ST,CAMULOS ST,6,E,N,B,-,N,,,,,,,,,,N,2,0,1,2,A,-,1,23152,A,F,G,B,B,A,H,-,C,D,0,Y,,,,Y,Y,A,1,1,0,0,0,1,0,0,0,0,- ,- ,,,LOS ANGELES,LOS ANGELES,-118.2063946,34.03814726
5834798,2012,12/21/2013,1942,10/8/2012,1400,32996,148,1,5,7,1942,0,0,0,A,0,13TL53,5TH ST,CROCKER ST,5,W,N,A,-,N,,,,,,,,,,N,4,0,1,2,A,-,10,21950,A,N,G,B,B,-,H,-,A,-,0,Y,,,,Y,,-,99,0,0,1,0,1,0,0,0,0,- ,- ,,,LOS ANGELES,LOS ANGELES,-118.2427755,34.04352292
5834799,2012,12/26/2013,1925,10/8/2012,1722,20871,196,1,5,6,1925,0,0,0,,0,1,SAN FERNANDO RD,JUSTIN AV,14,W,N,A,-,N,,,,,,,,,,N,4,0,1,2,A,-,10,21950,A,N,G,B,B,A,H,-,A,A,0,Y,,,,Y,,A,1,0,0,1,0,1,0,0,0,0,- ,- ,,,LOS ANGELES,GLENDALE,-118.2902973,34.16741986
5835051,2012,12/11/2013,1965,9/27/2012,1426,2894,03A1,4,5,5,1965,0,0,0,,0,A003,5TH ST,WILSHIRE BL,0,,Y,A,-,N,,,,,,,,,,N,3,0,1,2,A,-,10,21950,A,N,G,B,B,A,H,-,A,A,0,Y,,,,Y,,A,1,0,1,0,0,1,0,0,0,0,- ,- ,,,LOS ANGELES,SANTA MONICA,-118.4973823,34.01987491
5835056,2012,12/12/2013,1942,9/30/2012,1545,39282,1255,7,5,7,1942,0,0,0,L,0,18T23,NORMANDIE AV,FLORENCE AV,6,S,N,A,-,N,,,,,,,,,,N,4,0,1,2,A,-,11,21453,D,F,G,B,B,A,H,-,A,A,0,Y,,,,Y,,N,60,0,0,1,0,1,0,0,0,0,- ,- ,,,LOS ANGELES,LOS ANGELES,-118.3003122,33.97455839
5835110,2012,12/10/2013,1942,9/6/2012,1710,33779,919,4,5,7,1942,0,0,0,I,0,15TL44,SHERMAN WY,WOODMAN AV,0,,Y,A,-,N,,,,,,,,,,N,3,0,1,2,A,-,10,21950,A,F,G,B,B,A,H,-,A,A,0,Y,,,,Y,,-,99,0,1,0,0,1,0,0,0,0,- ,- ,,,LOS ANGELES,LOS ANGELES,-118.4312723,34.20117489
5835215,2012,2/14/2014,1942,9/1/2012,1455,40940,1067,6,5,7,1942,0,0,0,J,0,10X44,VENTURA BL,ENCINO AV,200,E,N,A,-,N,,,,,,,,,,N,4,0,1,2,A,-,9,21804,A,N,G,B,F,A,H,-,A,D,0,Y,,,,Y,,A,1,0,0,1,0,1,0,0,0,0,- ,- ,,,LOS ANGELES,LOS ANGELES,-118.5135436,34.16140374
5835236,2012,12/14/2013,1900,9/24/2012,2010,525744,1133,1,5,6,1992,0,0,0,,0,112T2,AVE J,3RD ST E,150,E,N,A,-,N,,,,,,,,,,N,2,0,1,2,A,-,11,21954,A,N,G,B,D,A,H,-,C,D,0,Y,,,,Y,,N,60,1,0,0,0,1,0,0,0,0,- ,- ,,,LOS ANGELES,LANCASTER,-118.1905443,34.68942493
5835255,2012,12/14/2013,1900,9/28/2012,745,443121,2834,5,5,5,1915,0,0,0,,0,282T2,CENTRAL AV,ARTESIA BL,0,,Y,A,-,N,,,,,,,,,,N,4,0,1,2,A,-,9,21804,A,N,G,B,D,A,H,-,A,D,0,Y,,,,Y,,A,8,0,0,1,0,1,0,0,0,0,- ,- ,,,LOS ANGELES,COMPTON,-118.2488022,33.87398488