CASE_ID,ACCIDENT_YEAR,PROC_DATE,JURIS,COLLISION_DATE,COLLISION_TIME,OFFICER_ID,REPORTING_DISTRICT,DAY_OF_WEEK,CHP_SHIFT,POPULATION,CNTY_CITY_LOC,SPECIAL_COND,BEAT_TYPE,CHP_BEAT_TYPE,CITY_DIVISION_LAPD,CHP_BEAT_CLASS,BEAT_NUMBER,PRIMARY_RD,SECONDARY_RD,DISTANCE,DIRECTION,INTERSECTION,WEATHER_1,WEATHER_2,STATE_HWY_IND,CALTRANS_COUNTY,CALTRANS_DISTRICT,STATE_ROUTE,ROUTE_SUFFIX,POSTMILE_PREFIX,POSTMILE,LOCATION_TYPE,RAMP_INTERSECTION,SIDE_OF_HWY,TOW_AWAY,COLLISION_SEVERITY,NUMBER_KILLED,NUMBER_INJURED,PARTY_COUNT,PRIMARY_COLL_FACTOR,PCF_CODE_OF_VIOL,PCF_VIOL_CATEGORY,PCF_VIOLATION,PCF_VIOL_SUBSECTION,HIT_AND_RUN,TYPE_OF_COLLISION,MVIW,PED_ACTION,ROAD_SURFACE,ROAD_COND_1,ROAD_COND_2,LIGHTING,CONTROL_DEVICE,CHP_ROAD_TYPE,PEDESTRIAN_ACCIDENT,BICYCLE_ACCIDENT,MOTORCYCLE_ACCIDENT,TRUCK_ACCIDENT,NOT_PRIVATE_PROPERTY,ALCOHOL_INVOLVED,STWD_VEHTYPE_AT_FAULT,CHP_VEHTYPE_AT_FAULT,COUNT_SEVERE_INJ,COUNT_VISIBLE_INJ,COUNT_COMPLAINT_PAIN,COUNT_PED_KILLED,COUNT_PED_INJURED,COUNT_BICYCLIST_KILLED,COUNT_BICYCLIST_INJURED,COUNT_MC_KILLED,COUNT_MC_INJURED,PRIMARY_RAMP,SECONDARY_RAMP,LATITUDE,LONGITUDE,COUNTY,CITY,POINT_X,POINT_Y
5838591,2012,12/14/2013,1905,9/14/2012,2242,1142,241,5,5,4,1905,0,0,0,,0,71,AZUSA AV,GLADSTONE ST,0,,Y,A,-,N,,,,,,,,,,N,4,0,1,2,A,-,10,21950,A,N,D,B,B,A,-,-,C,A,0,Y,,,,Y,,-,- ,0,0,1,0,1,0,0,0,0,- ,- ,,,LOS ANGELES,AZUSA,-117.9077623,34.11427496
5838807,2012,12/31/2013,1942,10/2/2012,800,31931,1749,2,5,7,1942,0,0,0,Q,0,35M67,GLORIA AV,SAN JOSE ST,7,S,N,B,-,N,,,,,,,,,,N,4,0,1,2,A,-,10,21950,A,N,G,B,B,A,H,-,A,-,0,Y,,,,Y,Y,-,- ,0,0,1,0,1,0,0,0,0,- ,- ,,,LOS ANGELES,LOS ANGELES,-118.4793424,34.26097567
5838831,2012,12/31/2013,1942,10/10/2012,1710,33294,933,3,5,7,1942,0,0,0,I,0,35M86,VAN NUYS BL,FRIAR ST,0,,Y,A,-,N,,,,,,,,,,N,4,0,1,2,A,-,10,21950,A,N,G,B,B,A,H,-,A,A,0,Y,,,,Y,,A,1,0,0,1,0,1,0,0,0,0,- ,- ,,,LOS ANGELES,LOS ANGELES,-118.4487323,34.18566491
5838848,2012,12/21/2013,1942,10/8/2012,640,34959,765,1,5,7,1942,0,0,0,G,0,6T7,PICO BL,LA BREA AV,0,,Y,A,-,N,,,,,,,,,,N,3,0,1,2,A,-,11,21453,D,N,G,B,B,A,H,-,A,D,0,Y,,,,Y,,N,60,0,1,0,0,1,0,0,0,0,- ,- ,,,LOS ANGELES,LOS ANGELES,-118.3446523,34.04787496
5838883,2012,12/21/2013,1942,10/1/2012,940,1942,1543,1,5,7,1942,0,0,0,O,0,15TL47,CHANDLER BL,LAUREL CYN BL,4,W,N,A,-,N,,,,,,,,,,N,4,0,1,2,A,-,11,21950,B,N,D,B,B,A,H,-,A,A,0,Y,,,,Y,,N,60,0,0,1,0,1,0,0,0,0,- ,- ,,,LOS ANGELES,LOS ANGELES,-118.3965354,34.16864478
5838928,2012,12/23/2013,1942,10/5/2012,1930,38321,2115,5,5,7,1942,0,0,0,,0,17T17,LANARK ST,TOPANGA CANYON BL,475,E,N,A,-,N,,,,,,,,,,N,3,0,1,2,A,-,11,21955,,F,G,B,D,A,H,-,C,D,0,Y,,,,Y,,N,60,0,1,0,0,1,0,0,0,0,- ,- ,,,LOS ANGELES,LOS ANGELES,-118.6044437,34.21757132
5838933,2012,12/23/2013,1942,10/10/2012,1600,38033,1984,3,5,7,1942,0,0,0,,0,19TL72,CHASE ST,WILLIS AV,0,,Y,B,-,N,,,,,,,,,,N,4,0,1,2,A,-,10,21950,A,N,G,B,B,A,H,-,A,A,0,Y,,,,Y,,A,1,0,0,1,0,1,0,0,0,0,- ,- ,,,LOS ANGELES,LOS ANGELES,-118.4553023,34.22471491
5838944,2012,12/21/2013,1942,10/12/2012,10,39976,338,5,5,7,1942,0,0,0,C,0,12T41,30TH ST,ORCHARD AV,100,W,N,A,-,N,,,,,,,,,,N,4,0,1,2,A,-,11,21954,A,N,A,B,D,A,H,-,C,A,0,Y,,,,Y,,N,60,0,0,1,0,1,0,0,0,0,- ,- ,,,LOS ANGELES,LOS ANGELES,-118.2885916,34.02742386
5838948,2012,12/23/2013,1942,10/7/2012,1940,38825,331,7,5,7,1942,0,0,0,C,0,3T5,RIMPAU BL,HICKORY ST,144,N,N,A,-,N,,,,,,,,,,N,4,0,1,4,A,-,3,22350,,F,B,B,D,A,H,-,C,D,0,Y,,,,Y,,-,99,0,0,1,0,1,0,0,0,0,- ,- ,,,LOS ANGELES,LOS ANGELES,-118.3481791,34.0312289
5838961,2012,12/13/2013,1965,9/2/2012,811,3764,04D1,7,5,5,1965,0,0,0,,0,A004,14TH ST,WILSHIRE BL,4,S,N,A,-,N,,,,,,,,,,N,4,0,1,2,A,-,11,21456,B,N,G,B,B,A,H,-,A,A,0,Y,,,,Y,,N,60,0,0,1,0,1,0,0,0,0,- ,- ,,,LOS ANGELES,SANTA MONICA,-118.4888938,34.02679641
5839002,2012,12/12/2013,1900,9/14/2012,2009,527065,1123,5,5,6,1992,0,0,0,,0,111T1,10TH ST WEST,AVENUE J-13,0,,Y,A,-,N,,,,,,,,,,Y,2,0,1,2,A,-,11,21955,,N,G,B,D,A,H,-,C,D,0,Y,,,,Y,,N,60,1,0,0,0,1,0,0,0,0,- ,- ,,,LOS ANGELES,LANCASTER,-118.1479322,34.67735495
5839006,2012,12/12/2013,1942,9/15/2012,1000,39117,1777,6,5,7,1942,0,0,0,Q,0,17X54,WOODLEY AV,PLUMMER ST,0,,Y,A,-,N,,,,,,,,,,N,3,0,1,2,A,-,3,22350,,F,B,B,B,A,H,-,A,A,0,Y,,,,Y,,-,99,0,1,0,0,1,0,0,0,0,- ,- ,,,LOS ANGELES,LOS ANGELES,-118.4850022,34.24289495
5839010,2012,12/12/2013,1942,9/15/2012,2315,38196,1752,6,5,7,1942,0,0,0,Q,0,21A29,DE SOTO AV,VINTAGE ST,110,S,N,A,-,N,,,,,,,,,,N,3,0,1,2,A,-,11,21956,A,F,G,B,D,A,H,-,C,A,0,Y,,,,Y,,N,60,0,1,0,0,1,0,0,0,0,- ,- ,,,LOS ANGELES,LOS ANGELES,-118.5885623,34.2514931
5839052,2012,12/10/2013,1942,9/9/2012,1440,36752,313,7,5,7,1942,0,0,0,C,0,3TL57,EDGEHILL DR,ADAMS BL,26,S,N,A,-,N,,,,,,,,,,N,3,0,2,5,A,-,10,21950,A,N,G,B,B,A,H,-,A,A,0,Y,,,,Y,,A,1,0,1,1,0,2,0,0,0,0,- ,- ,,,LOS ANGELES,LOS ANGELES,-118.328446,34.03252356
5839060,2012,12/10/2013,1942,9/9/2012,1315,38503,334,7,5,7,1942,0,0,0,C,0,18T23,BRONSON AV,36TH ST,230,N,N,A,-,N,,,,,,,,,,N,4,0,1,2,A,-,21,22106,,N,G,B,F,A,H,-,A,D,0,Y,,,,Y,,A,1,0,0,1,0,1,0,0,0,0,- ,- ,,,LOS ANGELES,LOS ANGELES,-118.3338274,34.02440565
5839076,2012,12/10/2013,1942,9/15/2012,1415,33599,336,6,5,7,1942,0,0,0,C,0,3TL5,JEFFERSON BL,CIMARRON ST,20,W,N,A,-,N,,,,,,,,,,N,3,0,1,2,A,-,11,21956,A,F,G,B,D,A,H,-,A,D,0,Y,,,,Y,,N,60,0,1,0,0,1,0,0,0,0,- ,- ,,,LOS ANGELES,LOS ANGELES,-118.3156681,34.0255443
5839085,2012,12/10/2013,9535,9/28/2012,745,19725,,5,1,4,1962,0,3,5,,2,4,E HERMOSA DR,N WILLARD AV,4,E,N,A,-,N,,,,,,,,,,N,3,0,1,2,A,-,10,21950,A,N,G,B,B,A,H,-,A,D,0,Y,,,,Y,,A,1,0,1,0,0,1,0,0,0,0,- ,- ,34.10628,-118.08501,LOS ANGELES,SAN GABRIEL,-118.085029,34.10627498
5839141,2012,12/13/2013,1942,9/12/2012,1445,26360,558,3,5,7,1942,0,0,0,,0,5XL3,OFARRELL ST,PACIFIC,60,E,N,A,-,N,,,,,,,,,,N,3,0,1,2,A,-,11,21956,A,N,G,B,E,A,H,-,A,D,0,Y,,,,Y,,N,60,0,1,0,0,1,0,0,0,0,- ,- ,,,LOS ANGELES,LOS ANGELES,-118.2876952,33.74600482
5839251,2012,12/23/2013,1956,10/10/2012,1325,1192,53,3,5,5,1956,0,0,0,,0,3,MATHEWS AV,RINDGE LN,4,E,N,A,-,N,,,,,,,,,,N,4,0,1,2,A,-,10,21950,A,N,D,B,B,A,H,-,A,D,0,Y,,,,Y,,A,1,0,0,1,0,1,0,0,0,0,- ,- ,,,LOS ANGELES,REDONDO BEACH,-118.372789,33.87380492
5839261,2012,12/20/2013,1942,10/8/2012,730,37146,563,1,5,7,1942,0,0,0,E,0,5TL21,CABRILLO AV,14TH ST,0,,Y,A,-,N,,,,,,,,,,N,4,0,1,3,A,-,10,21950,A,F,G,B,B,A,H,-,A,A,0,Y,,,,Y,,-,99,0,0,1,0,1,0,0,0,0,- ,- ,,,LOS ANGELES,LOS ANGELES,-118.2945922,33.73152492
5839296,2012,12/24/2013,1965,10/6/2012,1400,2872,06C1,6,5,5,1965,0,0,0,,0,A006,COLORADO BL,STEWART ST,0,,Y,A,-,N,,,,,,,,,,N,3,0,2,2,A,-,12,21453,A,N,G,B,B,A,H,-,A,A,0,Y,Y,,,Y,,L,4,0,1,1,0,1,0,1,0,0,- ,- ,,,LOS ANGELES,SANTA MONICA,-118.4688023,34.03255494
5839710,2012,12/24/2013,1901,10/6/2012,2019,244,10,6,5,5,1901,0,0,0,,0,2,VALLEY BL,8TH ST,10,E,N,A,-,N,,,,,,,,,,N,3,0,2,3,A,-,10,21950,A,N,G,B,B,A,H,-,C,A,0,Y,,,,Y,,A,1,0,2,0,0,2,0,0,0,0,- ,- ,,,LOS ANGELES,ALHAMBRA,-118.1318093,34.07810671
5839714,2012,12/24/2013,1901,10/7/2012,1508,232,16,7,5,5,1901,0,0,0,,0,4,VALLEY BL,GRAND VIEW,7,E,N,A,-,N,,,,,,,,,,N,3,0,1,2,A,-,- ,,,N,G,B,B,A,H,-,A,A,0,Y,,,,Y,Y,N,60,0,1,0,0,1,0,0,0,0,- ,- ,,,LOS ANGELES,ALHAMBRA,-118.1549592,34.07673649
5839718,2012,12/24/2013,1901,10/7/2012,2138,255,12,7,5,5,1901,0,0,0,,0,2,NEW AV,SHORB ST,0,,Y,A,-,N,,,,,,,,,,N,3,0,1,2,A,-,10,21950,A,N,G,B,B,A,H,-,C,D,0,Y,,,,Y,,A,1,0,1,0,0,1,0,0,0,0,- ,- ,,,LOS ANGELES,ALHAMBRA,-118.1083423,34.08117491
5839770,2012,12/24/2013,1965,10/24/2012,825,3543,02B1,3,5,5,1965,0,0,0,,0,2,KENSINGTON RD,7TH ST,0,,Y,A,-,N,,,,,,,,,,N,3,0,1,2,A,-,11,21950,B,N,G,B,E,A,H,-,A,A,0,Y,,,,Y,,N,60,0,1,0,0,1,0,0,0,0,- ,- ,,,LOS ANGELES,SANTA MONICA,-118.4805423,34.00843487
5839774,2012,12/24/2013,1965,10/17/2012,1830,3456,6B1,3,5,5,1965,0,0,0,,0,4,20TH ST,SANTA MONICA BL,5,N,N,A,-,N,,,,,,,,,,N,4,0,1,2,A,-,10,21950,A,F,G,B,B,A,H,-,B,A,0,Y,,,,Y,,A,1,0,0,1,0,1,0,0,0,0,- ,- ,,,LOS ANGELES,SANTA MONICA,-118.4800537,34.02868469
5839823,2012,12/23/2013,1972,10/9/2012,1531,18450,,2,5,6,1972,0,0,0,,0,,218TH ST,MARTINA,70,E,N,A,-,N,,,,,,,,,,N,4,0,1,2,A,-,11,21954,A,N,G,B,E,A,H,-,A,D,0,Y,,,,Y,,N,,0,0,1,0,1,0,0,0,0,- ,- ,,,LOS ANGELES,TORRANCE,-118.3186928,33.82959217
5839872,2012,12/23/2013,1942,10/3/2012,1800,40638,1826,3,5,7,1942,0,0,0,R,0,18T23,CENTURY BL,COMPTON AV,13,W,N,A,-,N,,,,,,,,,,N,4,0,1,2,A,-,1,23152,A,N,B,B,B,A,H,-,A,A,0,Y,,,,Y,Y,A,1,0,0,1,0,1,0,0,0,0,- ,- ,,,LOS ANGELES,LOS ANGELES,-118.2463149,33.94576337
5839887,2012,12/23/2013,1942,10/1/2012,730,37996,1268,1,5,7,1942,0,0,0,L,0,12E1W2,83RD ST,MAIN ST,20,E,N,A,-,N,,,,,,,,,,N,4,0,1,2,A,-,10,21950,A,F,G,B,B,A,H,-,A,A,0,Y,,,,Y,,-,99,0,0,1,0,1,0,0,0,0,- ,- ,,,LOS ANGELES,LOS ANGELES,-118.273843,33.963741
5839891,2012,12/23/2013,1942,10/2/2012,400,36966,1263,2,5,7,1942,0,0,0,L,0,12A69,82ND ST,CIMARRON ST,0,,Y,A,-,N,,,,,,,,,,N,3,0,1,2,A,-,10,21950,A,N,G,B,B,A,H,-,C,D,0,Y,,,,Y,,-,99,0,1,0,0,1,0,0,0,0,- ,- ,,,LOS ANGELES,LOS ANGELES,-118.3155723,33.96457487
5840147,2012,12/21/2013,1931,10/14/2012,1746,5261,1931,7,5,5,1931,0,0,0,,0,4,STATE ST,OLIVE ST,0,,Y,A,-,N,,,,,,,,,,N,3,0,1,2,A,-,10,21950,A,N,G,B,B,A,H,-,A,A,0,Y,,,,Y,,A,1,0,1,0,0,1,0,0,0,0,- ,- ,,,LOS ANGELES,HUNTINGTON PARK,-118.2104422,33.96681485
5840153,2012,12/23/2013,1942,10/14/2012,1032,37146,1258,7,5,7,1942,0,0,0,L,0,5TL21,SAN PEDRO ST,FLORENCE AV,9,S,N,A,-,N,,,,,,,,,,N,4,0,1,2,A,-,10,21950,A,F,G,B,B,A,H,-,A,A,0,Y,,,,Y,,-,99,0,0,1,0,1,0,0,0,0,- ,- ,,,LOS ANGELES,LOS ANGELES,-118.2695701,33.97468022
5840156,2012,12/21/2013,1912,10/1/2012,1250,9483,,1,5,6,1912,0,0,0,,0,,1ST ST,ORANGE GROVE AV,0,,Y,A,-,N,,,,,,,,,,N,4,0,1,2,A,-,10,21950,A,N,G,B,B,A,H,-,A,A,0,Y,,,,Y,,A,1,0,0,1,0,1,0,0,0,0,- ,- ,34.18048,-118.31104,LOS ANGELES,BURBANK,-118.3110323,34.18044493
5840164,2012,3/25/2014,1920,10/5/2012,609,10140,,5,5,6,1920,0,0,0,,0,2,FIRESTONE BL,OLD RIVER SCHOOL RD,0,,Y,A,-,N,,,,,,,,,,N,3,0,1,2,A,-,17,21461,A,N,G,B,B,A,H,-,C,A,0,Y,,,,Y,,N,,0,1,0,0,1,0,0,0,0,- ,- ,,,LOS ANGELES,DOWNEY,-118.1490622,33.9471749
5840202,2012,12/21/2013,1948,10/1/2012,729,356,1948,1,5,5,1948,0,0,0,,0,,NEW AV,EMERSON AV,14,S,N,A,-,N,,,,,,,,,,N,3,0,1,2,A,-,10,21950,A,N,G,B,B,A,H,-,A,A,0,Y,,,,Y,,-,- ,0,1,0,0,1,0,0,0,0,- ,- ,,,LOS ANGELES,MONTEREY PARK,-118.1081613,34.06621648
5840203,2012,12/23/2013,9535,10/2/2012,1315,17789,,2,1,9,1900,0,2,4,,2,11,EASTERN AV,LANSDOWNE AV,6,E,N,A,-,N,,,,,,,,,,N,3,0,1,2,A,-,10,21950,A,N,G,B,B,A,H,-,A,D,0,Y,,,,Y,,A,7,0,1,0,0,1,0,0,0,0,- ,- ,34.341,-118.1033,LOS ANGELES,UNINCORPORATED,-118.1761124,34.06138466
5840226,2012,12/21/2013,1925,10/2/2012,1622,15093,231,2,5,6,1925,0,0,0,,0,4,JACKSON ST,DORAN ST,9,N,N,A,-,N,,,,,,,,,,Y,3,0,1,2,A,-,1,23152,A,N,G,B,B,A,H,-,A,A,0,Y,,,,Y,,A,7,0,1,0,0,1,0,0,0,0,- ,- ,,,LOS ANGELES,GLENDALE,-118.2502431,34.15473954
5840238,2012,12/21/2013,1925,10/1/2012,1925,24250,214,1,5,6,1925,0,0,0,,0,1,KENILWORTH AV,HAHN AV,0,,Y,A,-,N,,,,,,,,,,N,3,0,1,2,A,-,10,21950,A,N,G,B,D,A,H,-,C,D,0,Y,,,,Y,,-,- ,0,1,0,0,1,0,0,0,0,- ,- ,,,LOS ANGELES,GLENDALE,-118.2667923,34.15770491
5840323,2012,3/18/2014,1942,9/7/2012,1710,38395,1253,5,5,7,1942,0,0,0,L,0,12X18,FLORENCE,HASS,15840,E,N,A,-,N,,,,,,,,,,N,4,0,1,2,A,-,10,21950,A,F,G,B,D,A,H,-,A,D,0,Y,,,,Y,,-,99,0,0,1,0,1,0,0,0,0,- ,- ,,,LOS ANGELES,LOS ANGELES,-118.2647222,33.97472485
5840360,2012,3/17/2014,1900,9/14/2012,645,177771,2610,5,5,6,1950,0,0,0,,0,262T1,AVE S,20TH ST EAST,0,,Y,A,-,N,,,,,,,,,,N,3,0,1,2,A,-,12,21453,A,N,D,B,B,A,H,-,A,A,0,Y,,,,Y,,N,60,0,1,0,0,1,0,0,0,0,- ,- ,,,LOS ANGELES,PALMDALE,-118.09414,34.55825
5840364,2012,3/17/2014,1900,9/10/2012,1330,505175,2612,1,5,6,1950,0,0,0,,0,262T1,AVENUE P 8,REGAL WY,189,E,N,A,-,N,,,,,,,,,,N,3,0,1,2,A,-,11,21954,A,M,G,B,D,A,G,-,A,D,0,Y,,,,Y,,N,60,0,1,0,0,1,0,0,0,0,- ,- ,,,LOS ANGELES,PALMDALE,-118.180185,34.594373
5840419,2012,12/10/2013,1965,9/20/2012,832,2539,,4,5,5,1965,0,0,0,,0,7C1,25TH ST,OAK ST,10.8,N,N,A,-,N,,,,,,,,,,N,4,0,1,2,A,-,- ,,,N,G,B,B,A,H,-,A,A,0,Y,,,,Y,,A,1,0,0,1,0,1,0,0,0,0,- ,- ,,,LOS ANGELES,SANTA MONICA,-118.4578931,34.01651951
5840448,2012,12/9/2013,1965,9/25/2012,1240,3144,,2,5,5,1965,0,0,0,,0,03A1,SANTA MONICA BL,2ND ST,195,W,N,A,-,N,,,,,,,,,,N,3,0,1,2,A,-,11,21955,,N,D,B,D,A,H,-,A,A,0,Y,,,,Y,,N,60,0,1,0,0,1,0,0,0,0,- ,- ,,,LOS ANGELES,SANTA MONICA,-118.4975172,34.01449727
5840452,2012,3/25/2014,1965,9/20/2012,1131,2539,,4,5,5,1965,0,0,0,,0,7C1,OCEAN AV,SAN VICENTE BL,302,N,N,A,-,N,,,,,,,,,,N,3,0,1,2,C,-,18,,,N,G,B,D,A,H,-,A,D,0,Y,,,,Y,,-,- ,0,1,0,0,1,0,0,0,0,- ,- ,,,LOS ANGELES,SANTA MONICA,-118.5143645,34.02655123
5840467,2012,12/10/2013,1942,9/16/2012,1930,39455,1966,7,5,7,1942,0,0,0,,0,19A1,TUPPER ST,VAN NUYS BL,0,,N,A,-,N,,,,,,,,,,N,4,0,2,3,D,-,0,,,F,G,B,B,A,H,-,C,A,0,Y,,,,Y,,-,- ,0,0,2,0,2,0,0,0,0,- ,- ,,,LOS ANGELES,LOS ANGELES,-118.4502622,34.23903488
5841829,2012,12/3/2013,1900,9/3/2012,1230,407639,1335,1,5,5,1908,0,0,0,,0,133T1,DOWNEY AV,CEDAR ST,123,N,N,A,-,N,,,,,,,,,,Y,4,0,2,5,A,-,8,22107,,N,B,E,F,A,H,-,A,D,0,Y,,,,Y,,A,1,0,0,2,0,2,0,0,0,0,- ,- ,,,LOS ANGELES,BELLFLOWER,-118.1512822,33.87143213
5841854,2012,12/10/2013,1942,9/21/2012,2000,25115,82,5,5,7,1942,0,0,0,,0,11T21,FIGUEROA ST,9TH ST,0,,Y,A,-,N,,,,,,,,,,N,3,0,1,2,A,-,10,21950,A,N,G,B,B,A,H,-,C,A,0,Y,,,,Y,,A,1,0,1,0,0,1,0,0,0,0,- ,- ,,,LOS ANGELES,LOS ANGELES,-118.2628222,34.04620491
5841895,2012,12/10/2013,1965,9/27/2012,1955,3487,4B2,4,5,5,1965,0,0,0,,0,4,LINCOLN BL,IDAHO,6,N,N,A,-,N,,,,,,,,,,N,3,0,1,2,A,-,10,21950,A,N,A,B,B,A,H,-,D,D,0,Y,,,,Y,,A,1,0,1,0,0,1,0,0,0,0,- ,- ,,,LOS ANGELES,SANTA MONICA,-118.4993159,34.0262667
5841911,2012,12/10/2013,1942,9/24/2012,1600,37952,249,1,5,7,1942,0,0,0,B,0,4TL4,6TH ST,BEAUDRY AV,8,W,N,A,-,N,,,,,,,,,,N,4,0,1,2,A,-,10,21950,A,N,G,B,B,A,H,-,A,A,0,Y,,,,Y,,A,1,0,0,1,0,1,0,0,0,0,- ,- ,,,LOS ANGELES,LOS ANGELES,-118.2599259,34.05311445
5842772,2012,1/10/2014,1900,11/17/2012,1500,505175,2611,6,5,6,1950,0,0,0,,0,262T1,SUNRISE TERRACE,HIGH COUNTRY RD,213,W,N,B,-,N,,,,,,,,,,Y,4,0,1,3,D,-,0,,,N,G,B,E,A,H,-,A,D,0,Y,,,,Y,,-,- ,0,0,1,0,1,0,0,0,0,- ,- ,,,LOS ANGELES,PALMDALE,-118.1396483,34.57578492
5842883,2012,12/16/2013,1953,10/30/2012,935,5607,1953,2,5,6,1953,0,0,0,,0,,ARROYO PKWY,CORDOVA ST,0,,Y,A,-,N,,,,,,,,,,N,3,0,1,2,A,-,12,21453,A,N,G,B,B,A,H,-,A,A,0,Y,,,,Y,,-,- ,0,1,0,0,1,0,0,0,0,- ,- ,,,LOS ANGELES,PASADENA,-118.1475123,34.14224492
5843204,2012,1/7/2014,1953,11/2/2012,2200,2802,5610,5,5,6,1953,0,0,0,,0,2,LAKE AV,TOPEKA ST,0,,Y,A,-,N,,,,,,,,,,N,3,0,1,2,A,-,12,22450,A,N,D,B,B,A,H,-,C,D,0,Y,,,,Y,,A,1,0,1,0,0,1,0,0,0,0,- ,- ,,,LOS ANGELES,PASADENA,-118.1320123,34.17457496
5843303,2012,1/8/2014,1900,11/9/2012,1910,`449603,1617,5,5,5,1977,0,0,0,,0,1564T1,CARSON ST,FIGUEROA ST,18,E,N,A,-,N,,,,,,,,,,N,2,0,1,2,A,-,10,21950,A,N,G,B,B,A,H,-,C,A,0,Y,,,Y,Y,,F,27,1,0,0,0,1,0,0,0,0,- ,- ,,,LOS ANGELES,CARSON,-118.286083,33.83166483
5844310,2012,3/18/2014,1900,6/3/2012,10,8962,973,7,5,4,1979,0,0,0,,0,809T1,LA BREA AV,FOUNTAIN AV,45,S,N,A,-,N,,,,,,,,,,N,4,0,1,2,A,-,10,21950,C,M,G,B,D,A,H,-,C,A,0,Y,,,,Y,,-,99,0,0,1,0,1,0,0,0,0,- ,- ,,,LOS ANGELES,WEST HOLLYWOOD,-118.3441122,34.09421143
5844449,2012,12/11/2013,1929,9/30/2012,2003,180,SOUTH,7,5,3,1929,0,0,0,,0,1,THE STRAND,8TH ST,0,,Y,A,-,N,,,,,,,,,,N,4,0,1,2,A,-,- ,,,N,B,-,B,A,H,-,C,D,0,Y,Y,,,Y,,N,60,0,0,1,0,1,0,0,0,0,- ,- ,,,LOS ANGELES,HERMOSA BEACH,-118.4007023,33.85901493
5844491,2012,12/11/2013,1942,9/5/2012,2008,36705,12140,3,5,7,1942,0,0,0,L,0,1415,LINCOLN BL,ROSE AV,0,,Y,A,-,N,,,,,,,,,,N,3,0,1,2,A,-,17,21451,A,N,G,B,B,A,H,-,C,A,0,Y,,,,Y,,A,1,0,1,0,0,1,0,0,0,0,- ,- ,,,LOS ANGELES,LOS ANGELES,-118.4679522,34.00131492
5844492,2012,12/11/2013,1942,9/30/2012,955,34436,782,7,5,7,1942,0,0,0,G,0,34Q25,LA CIENEGA BL,18TH ST,0,,Y,A,-,N,,,,,,,,,,N,4,0,1,2,A,-,11,21456,A,F,G,B,B,A,H,-,A,D,0,Y,,,,Y,,N,60,0,0,1,0,1,0,0,0,0,- ,- ,,,LOS ANGELES,LOS ANGELES,-118.3768723,34.04451489
5844521,2012,12/9/2013,1942,9/30/2012,1445,24517,702,7,5,7,1942,0,0,0,G,0,7T38,MELROSE AV,GENESEE AV,7,W,N,A,-,N,,,,,,,,,,N,3,0,2,3,A,-,10,21950,A,F,G,B,B,A,H,-,A,A,0,Y,,,,Y,,-,99,0,1,1,0,2,0,0,0,0,- ,- ,,,LOS ANGELES,LOS ANGELES,-118.3584553,34.08373529
5844524,2012,4/4/2014,1942,9/5/2012,705,37623,752,3,5,7,1942,0,0,0,G,0,8TL35,6TH ST,CRESCENT HEIGHTS,0,,Y,B,-,N,,,,,,,,,,Y,3,0,4,3,A,-,12,21453,A,N,D,B,F,A,H,-,A,D,0,Y,,,,Y,,-,- ,0,1,3,0,1,0,0,0,0,- ,- ,,,LOS ANGELES,LOS ANGELES,-118.3649922,34.06527487
5844663,2012,11/9/2013,1900,8/28/2012,750,506147,1613,2,5,5,1977,0,0,0,,0,164T,CENTRAL AV,ASPEN HILL RD,0,,Y,A,-,N,,,,,,,,,,N,4,0,1,2,A,-,8,22107,,N,G,B,E,A,H,-,A,D,0,Y,,,,Y,,A,1,0,0,1,0,1,0,0,0,0,- ,- ,,,LOS ANGELES,CARSON,-118.248646,33.868823
5844668,2012,11/9/2013,1942,8/31/2012,645,31000,1479,5,5,7,1942,0,0,0,N,0,20TL59,BELFORD AV,MANCHESTER BL,0,,Y,A,-,N,,,,,,,,,,N,3,0,1,2,A,-,10,21950,A,N,G,B,B,A,H,-,A,A,0,Y,,,,Y,,A,1,0,1,0,0,1,0,0,0,0,- ,- ,,,LOS ANGELES,LOS ANGELES,-118.3839423,33.95994494
5845123,2012,12/7/2013,1942,9/19/2012,2000,36814,438,3,5,7,1942,0,0,0,D,0,1TL11,ALHAMBRA AV,HAVEN ST,0,,Y,A,-,N,,,,,,,,,,N,4,0,1,2,A,-,10,21950,A,N,E,J,B,A,H,-,C,D,0,Y,,,,Y,Y,A,1,0,0,1,0,1,0,0,0,0,- ,- ,,,LOS ANGELES,LOS ANGELES,-118.1695823,34.0759149
5845135,2012,12/7/2013,1942,9/21/2012,845,39341,497,5,5,7,1942,0,0,0,D,0,13TL53,OLYMPIC BL,DACOTAH ST,0,,Y,A,-,N,,,,,,,,,,N,3,0,1,2,A,-,10,21950,A,N,G,B,B,A,H,-,A,D,0,Y,,,,Y,,A,1,0,1,0,0,1,0,0,0,0,- ,- ,,,LOS ANGELES,LOS ANGELES,-118.2122822,34.02095497
5845143,2012,12/7/2013,1942,9/25/2012,2000,38233,429,2,5,7,1942,0,0,0,D,0,13T55,POPLAR BL,STOCKBRIDGE AV,8,W,N,A,-,N,,,,,,,,,,N,3,0,1,2,A,-,9,21802,A,N,G,B,D,A,H,-,C,A,0,Y,,,,Y,,A,1,0,1,0,0,1,0,0,0,0,- ,- ,,,LOS ANGELES,LOS ANGELES,-118.1634323,34.08960899