CASE_ID,ACCIDENT_YEAR,PROC_DATE,JURIS,COLLISION_DATE,COLLISION_TIME,OFFICER_ID,REPORTING_DISTRICT,DAY_OF_WEEK,CHP_SHIFT,POPULATION,CNTY_CITY_LOC,SPECIAL_COND,BEAT_TYPE,CHP_BEAT_TYPE,CITY_DIVISION_LAPD,CHP_BEAT_CLASS,BEAT_NUMBER,PRIMARY_RD,SECONDARY_RD,DISTANCE,DIRECTION,INTERSECTION,WEATHER_1,WEATHER_2,STATE_HWY_IND,CALTRANS_COUNTY,CALTRANS_DISTRICT,STATE_ROUTE,ROUTE_SUFFIX,POSTMILE_PREFIX,POSTMILE,LOCATION_TYPE,RAMP_INTERSECTION,SIDE_OF_HWY,TOW_AWAY,COLLISION_SEVERITY,NUMBER_KILLED,NUMBER_INJURED,PARTY_COUNT,PRIMARY_COLL_FACTOR,PCF_CODE_OF_VIOL,PCF_VIOL_CATEGORY,PCF_VIOLATION,PCF_VIOL_SUBSECTION,HIT_AND_RUN,TYPE_OF_COLLISION,MVIW,PED_ACTION,ROAD_SURFACE,ROAD_COND_1,ROAD_COND_2,LIGHTING,CONTROL_DEVICE,CHP_ROAD_TYPE,PEDESTRIAN_ACCIDENT,BICYCLE_ACCIDENT,MOTORCYCLE_ACCIDENT,TRUCK_ACCIDENT,NOT_PRIVATE_PROPERTY,ALCOHOL_INVOLVED,STWD_VEHTYPE_AT_FAULT,CHP_VEHTYPE_AT_FAULT,COUNT_SEVERE_INJ,COUNT_VISIBLE_INJ,COUNT_COMPLAINT_PAIN,COUNT_PED_KILLED,COUNT_PED_INJURED,COUNT_BICYCLIST_KILLED,COUNT_BICYCLIST_INJURED,COUNT_MC_KILLED,COUNT_MC_INJURED,PRIMARY_RAMP,SECONDARY_RAMP,LATITUDE,LONGITUDE,COUNTY,CITY,POINT_X,POINT_Y
5950920,2012,1/15/2014,1942,12/16/2012,1650,38383,1591,7,5,7,1942,0,0,0,O,0,21TL68,VENTURA BL,RHODES AV,12,E,N,C,-,N,,,,,,,,,,N,2,0,1,2,A,-,10,21950,A,N,G,B,C,B,H,-,C,A,0,Y,,,,Y,,A,1,1,0,0,0,1,0,0,0,0,- ,- ,,,LOS ANGELES,LOS ANGELES,-118.4029929,34.14286839
5950941,2012,1/11/2014,1942,12/5/2012,1520,39048,1764,3,5,7,1942,0,0,0,Q,0,10A17,PLUMMER ST,TAMPA AV,70,E,N,A,-,N,,,,,,,,,,Y,4,0,1,3,A,-,9,21801,A,N,E,I,F,A,H,-,A,A,0,Y,,,,Y,,A,7,0,0,1,0,1,0,0,0,0,- ,- ,,,LOS ANGELES,LOS ANGELES,-118.553371,34.24273528
5950949,2012,1/11/2014,1942,12/2/2012,1325,39476,1524,7,5,7,1942,0,0,0,O,0,10TL37,VICTORY BL,BELLINGHAM AV,4,E,N,C,-,N,,,,,,,,,,N,3,0,1,2,A,-,12,21453,A,N,G,B,B,B,H,-,A,A,0,Y,,,,Y,,A,1,0,1,0,0,1,0,0,0,0,- ,- ,,,LOS ANGELES,LOS ANGELES,-118.398739,34.18666492
5951103,2012,4/4/2014,1942,12/2/2012,1955,39349,1367,7,5,7,1942,0,0,0,M,0,13T53,COMPTON AV,E 49TH ST,30,N,N,C,-,N,,,,,,,,,,N,2,0,1,2,A,-,11,21954,A,N,G,B,D,B,H,-,C,A,0,Y,,,,Y,,-,- ,1,0,0,0,1,0,0,0,0,- ,- ,,,LOS ANGELES,LOS ANGELES,-118.2477922,33.99849712
5951115,2012,1/10/2014,1942,12/4/2012,606,37505,1307,2,5,7,1942,0,0,0,M,0,13TL53,7TH ST,CENTRAL AV,344,E,N,A,-,N,,,,,,,,,,N,2,0,1,2,A,-,11,21954,A,F,G,B,-,A,H,-,C,D,0,Y,,,,Y,Y,N,60,1,0,0,0,1,0,0,0,0,- ,- ,,,LOS ANGELES,LOS ANGELES,-118.2403375,34.03615556
5951121,2012,1/13/2014,1942,12/16/2012,2055,22801,636,7,5,7,1942,0,0,0,F,0,6XL42,HOLLYWOOD BL,MCCADDEN PL,6,E,N,B,-,N,,,,,,,,,,N,3,0,1,2,A,-,10,21950,A,F,G,B,B,A,H,-,C,D,0,Y,,,,Y,,-,99,0,1,0,0,1,0,0,0,0,- ,- ,,,LOS ANGELES,LOS ANGELES,-118.3374324,34.1015453
5951122,2012,1/10/2014,1942,11/29/2012,940,26740,701,4,5,7,1942,0,0,0,G,0,14TL49,LA CIENEGA BL,MELROSE PL,0,,Y,C,-,N,,,,,,,,,,,4,0,1,2,A,-,9,21801,A,N,G,B,D,B,H,-,A,D,0,Y,,,,Y,,A,1,0,0,1,0,1,0,0,0,0,- ,- ,,,LOS ANGELES,LOS ANGELES,-118.3765223,34.08358493
5951165,2012,1/11/2014,1942,12/10/2012,1440,38220,749,1,5,7,1942,0,0,0,,0,7X58,WILSHIRE BL,RIMPAU BL,0,,Y,A,-,N,,,,,,,,,,N,4,0,1,2,A,-,10,21950,A,N,G,B,B,A,H,-,A,A,0,Y,,,,Y,,A,1,0,0,1,0,1,0,0,0,0,- ,- ,,,LOS ANGELES,LOS ANGELES,-118.3317023,34.0619949
5951173,2012,1/11/2014,1942,12/3/2012,750,27338,723,1,5,7,1942,0,0,0,G,0,7T71,CRESCENT HEIGHTS BL,4TH ST,0,,Y,C,-,N,,,,,,,,,,N,3,0,1,2,A,-,9,21801,A,N,G,B,-,B,H,-,A,A,0,Y,,,,Y,,A,1,0,1,0,0,1,0,0,0,0,- ,- ,,,LOS ANGELES,LOS ANGELES,-118.3651823,34.07031489
5951283,2012,12/26/2013,1975,11/11/2012,1723,392,,7,5,6,1975,0,0,0,,0,TRAFFI,CAMERON AV,ORANGE AV,0,,Y,A,-,N,,,,,,,,,,N,2,0,3,4,A,-,11,21954,A,N,G,B,D,A,H,-,A,A,0,Y,,,,Y,,N,60,1,0,2,0,3,0,0,0,0,- ,- ,,,LOS ANGELES,WEST COVINA,-117.9448123,34.07054489
5951420,2012,12/27/2013,1942,11/5/2012,1613,30380,1383,1,5,7,1942,0,0,0,M,0,1TL43,BROADWAY,59TH ST,0,,Y,A,-,N,,,,,,,,,,N,3,0,1,2,A,-,11,21456,B,F,G,B,B,A,H,-,A,A,0,Y,,,,Y,,N,60,0,1,0,0,1,0,0,0,0,- ,- ,,,LOS ANGELES,LOS ANGELES,-118.2783122,33.98692488
5951475,2012,12/14/2013,1975,10/26/2012,1815,329,,5,5,6,1975,0,0,0,,0,5,TEMPLE AV,WOODRIDGE CIR,0,,Y,A,-,N,,,,,,,,,,N,3,0,1,2,A,-,11,21954,A,N,G,B,D,A,H,-,B,D,0,Y,,,,Y,,N,60,0,1,0,0,1,0,0,0,0,- ,- ,,,LOS ANGELES,WEST COVINA,-117.9103922,34.02889487
5951564,2012,12/16/2013,1969,10/14/2012,2105,10178,PATR,7,5,5,1969,0,0,0,,0,0A3,ARDMORE AV,MOUNT VIEW AV,0,,Y,A,-,N,,,,,,,,,,N,3,0,1,2,A,-,10,21950,A,N,G,B,D,A,H,-,C,D,0,Y,,,,Y,,A,1,0,1,0,0,1,0,0,0,0,- ,- ,,,LOS ANGELES,SOUTH GATE,-118.2198623,33.95877494
5951591,2012,12/16/2013,1905,10/24/2012,2020,1106,443,3,5,4,1905,0,0,0,,0,71,CERRITOS AV,ARROW HWY,243,N,N,A,-,N,,,,,,,,,,N,2,0,1,2,A,-,11,21955,,N,G,B,D,A,H,-,C,D,0,Y,,,,Y,Y,N,60,1,0,0,0,1,0,0,0,0,- ,- ,,,LOS ANGELES,AZUSA,-117.8989377,34.10744103
5952018,2012,12/27/2013,1969,11/10/2012,1845,10130,PATRO,6,5,5,1969,0,0,0,,0,5,GARFIELD AV,GARDENDALE ST,12,E,N,A,-,N,,,,,,,,,,,4,0,1,2,A,-,11,21950,B,N,G,B,B,A,H,-,C,A,0,Y,,,,Y,,N,60,0,0,1,0,1,0,0,0,0,- ,- ,,,LOS ANGELES,SOUTH GATE,-118.1690805,33.92296197
5952082,2012,12/30/2013,1942,11/26/2012,1215,33829,1099,1,5,7,1942,0,0,0,J,0,17TL18,VALLEY VISTA BL,GLORIA AV,300,W,N,A,-,N,,,,,,,,,,N,4,0,1,2,A,-,10,21950,C,N,G,B,E,A,H,-,A,D,0,Y,,,,Y,,A,1,0,0,1,0,1,0,0,0,0,- ,- ,,,LOS ANGELES,LOS ANGELES,-118.4809107,34.15292812
5952093,2012,12/30/2013,1942,11/25/2012,1350,38383,941,7,5,7,1942,0,0,0,I,0,21TL68,VAN NUYS BL,BURBANK BL,16,N,N,A,-,N,,,,,,,,,,N,2,0,1,2,A,-,11,21456,B,N,G,B,B,A,H,-,A,A,0,Y,,,,Y,,N,60,1,0,0,0,1,0,0,0,0,- ,- ,,,LOS ANGELES,LOS ANGELES,-118.4487322,34.17215874
5952114,2012,12/27/2013,1942,11/24/2012,1450,32372,1595,6,5,7,1942,0,0,0,O,0,35M57,VENTURA BL,CARPENTER AV,160,E,N,A,-,N,,,,,,,,,,N,3,0,1,2,A,-,11,21954,A,N,D,B,D,A,H,-,A,D,0,Y,,,,Y,,N,60,0,1,0,0,1,0,0,0,0,- ,- ,,,LOS ANGELES,LOS ANGELES,-118.390381,34.14248147
5952126,2012,12/27/2013,1942,11/23/2012,1655,37080,1583,5,5,7,1942,0,0,0,O,0,10T32,VENTURA BL,CARPENTER AV,40,W,N,A,-,N,,,,,,,,,,N,3,0,1,2,A,-,11,21955,,N,G,B,D,A,H,-,A,A,0,Y,,,,Y,,N,60,0,1,0,0,1,0,0,0,0,- ,- ,,,LOS ANGELES,LOS ANGELES,-118.3909575,34.14274818
5952136,2012,12/27/2013,1942,11/9/2012,2200,40438,1414,5,5,7,1942,0,0,0,N,0,14A13,WESTMINISTER AV,7TH AV,25,W,N,A,G,N,,,,,,,,,,N,2,0,1,2,A,-,11,21954,A,N,G,B,D,A,H,-,C,D,0,Y,,,,Y,Y,N,60,1,0,0,0,1,0,0,0,0,- ,- ,,,LOS ANGELES,LOS ANGELES,-118.4649517,33.99535801
5952140,2012,12/27/2013,1942,11/14/2012,1750,25567,1494,3,5,7,1942,0,0,0,N,0,14FBL8,WORLD WAY,SKY WY,100,W,N,A,-,N,,,,,,,,,,N,3,0,1,2,A,-,21,22106,,N,G,B,E,A,H,-,C,D,0,Y,,,,Y,,A,1,0,1,0,0,1,0,0,0,0,- ,- ,,,LOS ANGELES,LOS ANGELES,-118.4002512,33.94548286
5952188,2012,12/27/2013,1942,11/12/2012,1740,R2138,1474,1,5,7,1942,0,0,0,N,0,34TF34,LOYOLA BL,80 ST,185,S,N,A,-,N,,,,,,,,,,N,4,0,1,2,A,-,- ,,,N,G,B,D,A,H,-,C,D,0,Y,,,,Y,,N,60,0,0,1,0,1,0,0,0,0,- ,- ,,,LOS ANGELES,LOS ANGELES,-118.4167203,33.9653774
5952199,2012,1/7/2014,1942,11/7/2012,1515,5257,2017,3,5,7,1942,0,0,0,,0,CSULA,HILLSIDE DR,PASEO RANCHO CASTILLA,0,,Y,A,-,N,,,,,,,,,,N,3,0,1,2,A,-,10,21950,A,M,G,B,B,A,H,-,A,D,0,Y,,,,Y,Y,A,,0,1,0,0,1,0,0,0,0,- ,- ,,,LOS ANGELES,LOS ANGELES,-118.17257,34.06541
5952200,2012,12/27/2013,1942,11/6/2012,1000,41101,723,2,5,7,1942,0,0,0,G,0,7A1,3RD ST,LA JOLLA AV,123,E,N,A,-,N,,,,,,,,,,N,3,0,1,2,A,-,10,21950,C,N,H,A,F,A,H,-,A,D,0,Y,Y,,,Y,,L,4,0,1,0,0,1,0,0,0,0,- ,- ,,,LOS ANGELES,LOS ANGELES,-118.3675719,34.07235148
5952206,2012,4/24/2014,1918,11/7/2012,1229,546,,3,5,4,1918,0,0,0,,0,2M7,PLAYA ST,SEPULVEDA BL,0,,Y,A,-,N,,,,,,,,,,N,3,0,1,2,A,-,11,21456,B,N,D,B,B,A,H,-,A,A,0,Y,,,,Y,,N,60,0,1,0,0,1,0,0,0,0,- ,- ,33.59246,-118.23423,LOS ANGELES,CULVER CITY,-118.3953223,33.99012494
5952220,2012,12/27/2013,1942,11/1/2012,1000,40997,721,4,5,7,1942,0,0,0,,0,7A69,3RD ST,WILLIMAN DR,50,E,N,A,-,N,,,,,,,,,,N,4,0,1,3,A,-,17,22517,,N,B,B,E,A,H,-,A,D,0,Y,,,,Y,,N,60,0,0,1,0,1,0,0,0,0,- ,- ,,,LOS ANGELES,LOS ANGELES,-118.3804574,34.0735733
5952234,2012,3/21/2014,1918,11/17/2012,1830,1086,140,6,5,4,1918,0,0,0,,0,1L52,MIDWAY AV,WASHINGTON BL,3,N,N,B,C,N,,,,,,,,,,N,3,0,1,2,A,-,10,21950,A,N,G,B,C,B,H,-,C,A,0,Y,,,,Y,,A,1,0,1,0,0,1,0,0,0,0,- ,- ,34.0055,-118.2425,LOS ANGELES,CULVER CITY,-118.4072077,34.01541171
5952328,2012,4/1/2014,1918,11/23/2012,1800,1047,380,5,5,4,1918,0,0,0,,0,1A52,WASHINGTON BL,WADE ST,0,,Y,E,-,N,,,,,,,,,,N,2,0,2,2,A,-,11,21950,B,N,G,B,B,A,H,-,C,A,0,Y,,Y,,Y,Y,N,60,1,1,0,0,1,0,0,0,1,- ,- ,,,LOS ANGELES,CULVER CITY,-118.4345223,33.99696487
5952363,2012,12/26/2013,1900,11/23/2012,2130,264294,1327,5,5,5,1935,0,0,0,,0,132T2P,CARSON ST,RT 605,0,,Y,B,-,Y,LA,7,605,-,R,1.828,R,3,S,N,4,0,1,2,A,-,11,21950,B,N,G,B,B,A,H,-,C,D,0,Y,,,,Y,,N,,0,0,1,0,1,0,0,0,0,- ,SO,,,LOS ANGELES,LAKEWOOD,-118.0837321,33.83037487
5952366,2012,1/16/2014,1900,12/13/2012,1635,523089,1363,4,5,5,1952,0,0,0,,0,136D,SOMERSET BL,ORANGE AV,70,E,N,B,-,N,,,,,,,,,,N,4,0,2,3,A,-,11,21954,A,N,G,B,D,A,H,-,B,D,0,Y,,,,Y,,N,,0,0,2,0,2,0,0,0,0,- ,- ,,,LOS ANGELES,PARAMOUNT,-118.177352,33.89635561
5952392,2012,12/26/2013,1942,11/19/2012,35,39049,643,1,5,7,1942,0,0,0,F,0,6X72,HOLLYWOOD BL,FULLER,2,W,N,A,-,N,,,,,,,,,,N,3,0,1,2,A,-,11,21456,B,N,G,B,B,A,-,-,D,-,0,Y,,,,Y,Y,N,60,0,1,0,0,1,0,0,0,0,- ,- ,,,LOS ANGELES,LOS ANGELES,-118.3489688,34.10161498
5952396,2012,12/26/2013,1942,11/17/2012,1900,R2558,645,6,5,7,1942,0,0,0,F,0,6QL4,HAWTHORN AV,NORTH ORANGE DR,6,E,N,C,-,N,,,,,,,,,,N,4,0,2,3,A,-,10,21950,A,N,G,B,B,B,H,-,C,-,0,Y,,,,Y,,A,1,0,0,2,0,2,0,0,0,0,- ,- ,,,LOS ANGELES,LOS ANGELES,-118.3414024,34.10032507
5952437,2012,1/16/2014,1942,12/18/2012,1425,39192,901,2,5,7,1942,0,0,0,I,0,9TLW54,VALERIO ST,SEPULVEDA BL,30,W,N,B,-,N,,,,,,,,,,N,4,0,1,2,A,-,21,22106,,F,G,B,E,A,H,-,A,D,0,Y,,,,Y,,-,99,0,0,1,0,1,0,0,0,0,- ,- ,,,LOS ANGELES,LOS ANGELES,-118.4663113,34.20480486
5952472,2012,1/23/2014,1942,12/10/2012,1830,33473,,1,5,7,1942,0,0,0,,0,,WADE ST,PACIFIC AV,0,S,N,A,-,N,,,,,,,,,,N,4,0,1,2,A,-,11,21956,,N,G,B,E,A,H,-,C,D,0,Y,,,,Y,,N,60,0,0,1,0,1,0,0,0,0,- ,- ,,,LOS ANGELES,LOS ANGELES,-118.4373123,34.00047493
5952494,2012,1/27/2014,1942,12/1/2012,1850,37758,1322,6,5,7,1942,0,0,0,M,0,,ADAMS,MAPLE,0,,Y,C,-,Y,,,,,,,,,,N,4,0,1,2,A,-,11,21950,B,N,B,B,D,B,-,-,C,D,0,Y,,,,Y,,N,60,0,0,1,0,1,0,0,0,0,- ,- ,,,LOS ANGELES,LOS ANGELES,-118.2654622,34.02340489
5952497,2012,1/16/2014,1942,12/1/2012,1800,36238,1151,6,5,7,1942,0,0,0,K,0,11TL32,VERMONT AV,HOLLYWOOD BL,290,S,N,C,-,N,,,,,,,,,,Y,3,0,2,2,A,-,3,22350,,N,E,-,F,B,H,-,C,D,0,Y,,,,Y,,A,1,0,2,0,0,1,0,0,0,0,- ,- ,,,LOS ANGELES,LOS ANGELES,-118.2917957,34.10041953
5952502,2012,1/16/2014,1942,12/1/2012,2000,40008,1347,6,5,7,1942,0,0,0,M,0,13TL53,COMPTON,43RD ST,20,S,N,A,-,N,,,,,,,,,,,4,0,1,2,A,-,10,21950,A,F,D,B,B,A,H,-,C,D,0,Y,,,,Y,,-,99,0,0,1,0,1,0,0,0,0,- ,- ,,,LOS ANGELES,LOS ANGELES,-118.2474101,34.00584003
5952533,2012,1/16/2014,1942,12/15/2012,145,40284,1375,6,5,7,1942,0,0,0,M,0,13A27,SLAUSON,CENTRAL AV,10,W,N,B,C,N,,,,,,,,,,Y,3,0,1,2,D,-,0,,,F,G,B,B,B,H,-,C,A,0,Y,,,,Y,,-,- ,0,1,0,0,1,0,0,0,0,- ,- ,,,LOS ANGELES,LOS ANGELES,-118.2564951,33.98930485
5952538,2012,1/16/2014,1942,12/25/2012,1425,33007,1365,2,5,7,1942,0,0,0,M,0,13TL22,HOOPER AV,50TH ST,25,N,N,B,-,N,,,,,,,,,,Y,3,0,1,2,A,-,11,21954,A,N,G,B,D,A,H,-,A,D,0,Y,,,,Y,,N,60,0,1,0,0,1,0,0,0,0,- ,- ,,,LOS ANGELES,LOS ANGELES,-118.2521505,33.9980734
5952541,2012,1/16/2014,1942,12/13/2012,610,37505,1361,4,5,7,1942,0,0,0,M,0,13TL53,BROADWAY,VERNON AV,0,,Y,A,-,N,,,,,,,,,,N,4,0,1,2,A,-,9,21801,A,N,D,B,B,A,H,-,A,A,0,Y,,,,Y,,A,1,0,0,1,0,1,0,0,0,0,- ,- ,,,LOS ANGELES,LOS ANGELES,-118.2783623,34.00379491
5952546,2012,1/16/2014,1942,12/18/2012,1520,40545,1346,2,5,7,1942,0,0,0,M,0,1T24,ASCOT AV,45TH ST,151,S,N,B,-,N,,,,,,,,,,N,2,0,1,2,A,-,21,22106,,N,G,B,F,A,H,-,A,D,0,Y,,,,Y,,A,1,1,0,0,0,1,0,0,0,0,- ,- ,,,LOS ANGELES,LOS ANGELES,-118.2499732,34.00256081
5952709,2012,1/16/2014,9535,12/21/2012,1725,18468,,5,2,9,1900,0,2,4,,2,16,1ST ST,ALMA AV,21,E,N,A,-,N,,,,,,,,,,N,4,0,1,2,A,-,3,22350,,N,G,B,D,A,H,-,C,D,0,Y,,,,Y,,A,7,0,0,1,0,1,0,0,0,0,- ,- ,34.03594,-118.19132,LOS ANGELES,UNINCORPORATED,-118.191283,34.0359955
5952716,2012,1/15/2014,1942,12/14/2012,645,40583,2113,5,5,7,1942,0,0,0,,0,9TS3,FALLBROOK AV,ROSCOE BL,0,,Y,A,-,N,,,,,,,,,,N,4,0,1,2,A,-,10,21950,A,N,G,B,B,A,H,-,A,A,0,Y,,,,Y,,A,1,0,0,1,0,1,0,0,0,0,- ,- ,,,LOS ANGELES,LOS ANGELES,-118.6234923,34.21939495
5952727,2012,1/16/2014,1942,12/18/2012,1345,32597,1115,2,5,7,1942,0,0,0,K,0,11A17,COLORADO BL,EAGLE ROCK BL,99,E,N,B,-,N,,,,,,,,,,N,4,0,1,2,D,-,0,,,N,G,B,F,A,H,-,A,D,0,Y,,,,Y,,-,- ,0,0,1,0,1,0,0,0,0,- ,- ,,,LOS ANGELES,LOS ANGELES,-118.213775,34.13906487
5952735,2012,1/16/2014,1942,12/20/2012,915,32996,1117,4,5,7,1942,0,0,0,K,0,4T43,YOSEMITE DR,EAGLE ROCK BL,13,E,N,A,-,N,,,,,,,,,,Y,3,0,1,2,A,-,10,21950,A,N,G,B,B,A,H,-,A,A,0,Y,,,,Y,,A,1,0,1,0,0,1,0,0,0,0,- ,- ,,,LOS ANGELES,LOS ANGELES,-118.2153199,34.13508922
5952739,2012,1/16/2014,1942,12/5/2012,2110,30083,1142,3,5,7,1942,0,0,0,K,0,11T21,HILLHURST ST,FINLEY AV,80,S,N,A,-,N,,,,,,,,,,N,4,0,1,2,A,-,11,21954,A,N,G,B,D,A,H,-,C,D,0,Y,,,,Y,,N,60,0,0,1,0,1,0,0,0,0,- ,- ,,,LOS ANGELES,LOS ANGELES,-118.2874449,34.10745547
5952741,2012,1/18/2014,1900,12/30/2012,1725,468775,613,7,5,6,1985,0,0,0,,0,61T1,SOLEDAD CANYON RD,SIERRA HWY,50,W,N,A,-,N,,,,,,,,,,N,4,0,1,2,A,-,11,21954,A,N,B,B,D,A,H,-,C,A,0,Y,,,,Y,,N,60,0,0,1,0,1,0,0,0,0,- ,- ,,,LOS ANGELES,SANTA CLARITA,-118.4561877,34.41640488
5952743,2012,1/16/2014,1942,12/17/2012,1930,36284,1179,1,5,7,1942,0,0,0,K,0,11A58,FIGUEROA ST,PASADENA AV,0,,Y,A,-,N,,,,,,,,,,N,4,0,1,2,A,-,10,21950,A,N,G,B,B,A,H,-,C,A,0,Y,,,,Y,,-,- ,0,0,1,0,1,0,0,0,0,- ,- ,,,LOS ANGELES,LOS ANGELES,-118.2110923,34.09119495
5952758,2012,1/18/2014,1942,12/18/2012,830,31816,497,2,5,7,1942,0,0,0,,0,4TL43,OLYMPIC BL,CAMULOS ST,23,E,N,B,-,N,,,,,,,,,,N,3,0,1,2,A,-,10,21950,A,N,D,B,B,B,H,-,A,A,0,Y,,,,Y,,A,1,0,1,0,0,1,0,0,0,0,- ,- ,,,LOS ANGELES,LOS ANGELES,-118.2155853,34.02243523
5952759,2012,1/16/2014,1942,12/27/2012,2000,39878,1119,4,5,7,1942,0,0,0,K,0,11A17,TOWNSEND AV,WALDREN AV,0,,Y,A,-,N,,,,,,,,,,N,3,0,1,2,A,-,11,21954,A,N,G,B,E,A,H,-,C,D,0,Y,,,,Y,,N,60,0,1,0,0,1,0,0,0,0,- ,- ,,,LOS ANGELES,LOS ANGELES,-118.2015223,34.13839496
5952766,2012,1/18/2014,1942,12/7/2012,1625,33452,478,5,5,7,1942,0,0,0,D,0,1T24,SPENCE ST,WHITTIER BL,18,S,N,A,-,N,,,,,,,,,,N,4,0,1,2,A,-,11,21954,A,N,G,B,C,A,H,-,A,A,0,Y,,,,Y,,N,60,0,0,1,0,1,0,0,0,0,- ,- ,,,LOS ANGELES,LOS ANGELES,-118.1985601,34.02664132
5952789,2012,1/18/2014,1942,12/20/2012,800,38202,1401,4,5,7,1942,0,0,0,N,0,14T47,BARRINGTON AV,GATEWAY BL,13,S,N,A,-,N,,,,,,,,,,N,4,0,2,3,A,-,10,21950,A,N,G,B,B,A,H,-,A,A,0,Y,,,,Y,,A,1,0,0,2,0,2,0,0,0,0,- ,- ,,,LOS ANGELES,LOS ANGELES,-118.4433259,34.02853669
5952794,2012,1/18/2014,1942,12/12/2012,1735,37223,266,3,5,7,1942,0,0,0,B,0,2A31,JAMES M WOOD BL,BURLINGTON AV,0,,Y,B,-,N,,,,,,,,,,N,4,0,1,2,A,-,11,21950,B,N,G,B,B,A,H,-,C,A,0,Y,,,,Y,,N,60,0,0,1,0,1,0,0,0,0,- ,- ,,,LOS ANGELES,LOS ANGELES,-118.2755023,34.05186488
5952848,2012,1/15/2014,1966,12/1/2012,1148,135,3,6,5,3,1966,0,0,0,,0,POLICE,BONITA AV,BALDWIN AV,353,W,N,B,-,N,,,,,,,,,,N,3,0,1,2,A,-,8,22107,,F,G,B,E,A,H,-,A,D,0,Y,,,,Y,,-,- ,0,1,0,0,1,0,0,0,0,- ,- ,,,LOS ANGELES,SIERRA MADRE,-118.054032,34.158539
5952852,2012,1/15/2014,1966,12/21/2012,710,135,4,5,5,3,1966,0,0,0,,0,POLICE,SIERRA MADRE BL,BALDWIN AV,3,W,N,A,-,N,,,,,,,,,,N,4,0,1,2,A,-,10,21950,A,N,G,B,B,A,H,-,A,A,0,Y,,,,Y,,-,- ,0,0,1,0,1,0,0,0,0,- ,- ,,,LOS ANGELES,SIERRA MADRE,-118.0527321,34.16188473
5952882,2012,1/9/2014,1965,12/9/2012,2043,3693,03A1,7,5,5,1965,0,0,0,,0,A003,4TH ST,BROADWAY,198,N,N,A,-,N,,,,,,,,,,N,3,0,1,2,A,-,11,21950,B,F,G,B,C,A,H,-,C,D,0,Y,,,,Y,Y,N,60,0,1,0,0,1,0,0,0,0,- ,- ,,,LOS ANGELES,SANTA MONICA,-118.4940594,34.01546217
5952935,2012,1/16/2014,1942,12/17/2012,1920,32565,2062,1,5,7,1942,0,0,0,,0,20T59,WILTON PL,10TH ST,160,N,N,B,-,N,,,,,,,,,,N,2,0,2,2,A,-,10,21954,B,N,G,B,D,A,H,-,C,A,0,Y,,,,Y,,A,1,1,0,1,0,1,0,0,0,0,- ,- ,,,LOS ANGELES,LOS ANGELES,-118.3143132,34.053605
5952946,2012,4/30/2014,1942,11/11/2012,2020,41012,852,7,5,7,1942,0,0,0,H,0,8A53,BARRINGTON AV,SANTA MONICA BL,30,S,N,A,-,Y,LA,7,2,-,-,3.081,I,6,E,N,4,0,1,2,A,-,10,21950,A,N,G,B,B,A,H,-,C,A,0,Y,,,,Y,,A,1,0,0,1,0,1,0,0,0,0,- ,- ,,,LOS ANGELES,LOS ANGELES,-118.4556423,34.04394011
5953339,2012,1/9/2014,1972,12/4/2012,1248,14197,,2,5,6,1972,0,0,0,,0,,TOWERS ST,FLAGLER LN,10,E,N,A,-,N,,,,,,,,,,N,4,0,1,2,A,-,11,21954,A,N,G,B,D,A,H,-,A,A,0,Y,,,,Y,,N,,0,0,1,0,1,0,0,0,0,- ,- ,,,LOS ANGELES,TORRANCE,-118.3778997,33.85378906
5953351,2012,1/9/2014,1972,12/5/2012,1523,12309,,3,5,6,1972,0,0,0,,0,,VAN NESS,164TH ST,0,,Y,B,-,N,,,,,,,,,,N,3,0,1,2,A,-,10,21950,A,N,F,B,B,A,H,-,A,D,0,Y,,,,Y,,A,,0,1,0,0,1,0,0,0,0,- ,- ,,,LOS ANGELES,TORRANCE,-118.3178423,33.88195486
5953376,2012,1/10/2014,1941,12/21/2012,1737,5870,511,5,5,7,1941,0,0,0,,0,11,REDONDO AV,RANSOM ST,0,,Y,A,-,N,,,,,,,,,,N,3,0,1,2,A,-,11,21950,B,N,G,B,D,A,H,-,C,D,0,Y,,,,Y,,N,60,0,1,0,0,1,0,0,0,0,- ,- ,,,LOS ANGELES,LONG BEACH,-118.1524422,33.78665494
5953489,2012,3/11/2014,1941,12/21/2012,2500,5048,,5,5,7,1941,0,0,0,,0,,GOLDEN AV,4TH,0,,Y,A,-,N,,,,,,,,,,N,4,0,1,2,A,-,9,21802,A,N,H,B,B,A,H,-,A,A,0,Y,,,,Y,,A,,0,0,1,0,1,0,0,0,0,- ,- ,,,LOS ANGELES,LONG BEACH,-118.2018622,33.77169487
5953924,2012,1/18/2014,1942,12/17/2012,1005,30947,,1,5,7,1942,0,0,0,,0,,ROXBURY DR,PICO BL,0,,N,B,-,N,,,,,,,,,,N,2,0,1,2,A,-,11,21955,,N,G,B,D,A,H,-,A,D,0,Y,,,,Y,,N,60,1,0,0,0,1,0,0,0,0,- ,- ,,,LOS ANGELES,LOS ANGELES,-118.4021922,34.05396491